,BandID,BandName,BandLink,BandStatus,Country,Genre,Scraped
0,3540357673,The Zen,https://www.metal-archives.com/bands/The_Zen/3540357673,Unknown,Spain,Melodic Death Metal,31/08/2019 14:10:46
1,3540346785,The Zenith Passage,https://www.metal-archives.com/bands/The_Zenith_Passage/3540346785,Active,United States,Technical Death Metal,31/08/2019 14:10:46
2,20525,The Zephyr,https://www.metal-archives.com/bands/The_Zephyr/20525,Active,Mexico,Melodic Death/Black Metal,31/08/2019 14:10:46
3,70025,The Zeronaut,https://www.metal-archives.com/bands/The_Zeronaut/70025,Active,Spain,Melodic Death Metal,31/08/2019 14:10:46
4,31537,The Ziggurat,https://www.metal-archives.com/bands/The_Ziggurat/31537,Unknown,United States,Death/Heavy/Thrash Metal,31/08/2019 14:10:46
5,25915,The Zimmermann Note,https://www.metal-archives.com/bands/The_Zimmermann_Note/25915,Unknown,United States,Death Metal,31/08/2019 14:10:46
6,96263,The Zombi,https://www.metal-archives.com/bands/The_Zombi/96263,Split-up,Finland,Death Metal,31/08/2019 14:10:46
7,3540337709,The Zone of Noise,https://www.metal-archives.com/bands/The_Zone_of_Noise/3540337709,Split-up,Poland,Grindcore/Death Metal/Noise,31/08/2019 14:10:46
8,3325,Z,https://www.metal-archives.com/bands/Z/3325,Split-up,United States,Heavy Metal,31/08/2019 14:10:46
9,33459,Z,https://www.metal-archives.com/bands/Z/33459,Active,United States,Progressive Death Metal,31/08/2019 14:10:46
10,68716,Z,https://www.metal-archives.com/bands/Z/68716,Active,Mexico,Heavy Metal,31/08/2019 14:10:46
11,51825,Z'Kazan,https://www.metal-archives.com/bands/Z%27Kazan/51825,Split-up,United States,Thrash Metal,31/08/2019 14:10:46
12,3540394969,Z-Axis,https://www.metal-archives.com/bands/Z-Axis/3540394969,Unknown,United States,Heavy Metal,31/08/2019 14:10:46
13,3540321854,Z-Bek,https://www.metal-archives.com/bands/Z-Bek/3540321854,Active,Uzbekistan,Heavy Metal,31/08/2019 14:10:46
14,3540451113,Z-End,https://www.metal-archives.com/bands/Z-End/3540451113,Active,Japan,Power/Melodic Death Metal,31/08/2019 14:10:46
15,27610,Z-Gen,https://www.metal-archives.com/bands/Z-Gen/27610,Split-up,France,Black/Doom Metal,31/08/2019 14:10:46
16,33151,Z-Iron,https://www.metal-archives.com/bands/Z-Iron/33151,Split-up,Germany,Heavy Metal,31/08/2019 14:10:46
17,4923,Z-LOT-Z,https://www.metal-archives.com/bands/Z-LOT-Z/4923,Changed name,United States,Heavy Metal,31/08/2019 14:10:46
18,62471,Z-Sect,https://www.metal-archives.com/bands/Z-Sect/62471,Split-up,Japan,Thrash Metal,31/08/2019 14:10:46
19,3540295319,Z.A.A.R.,https://www.metal-archives.com/bands/Z.A.A.R./3540295319,Split-up,Venezuela,Heavy Metal,31/08/2019 14:10:46
20,100863,z3r0c00l,https://www.metal-archives.com/bands/z3r0c00l/100863,Active,United States,Industrial Death Metal,31/08/2019 14:10:46
21,3540256429,Z:Blaze,https://www.metal-archives.com/bands/Z%3ABlaze/3540256429,Active,Japan,Heavy Metal/Hard Rock,31/08/2019 14:10:46
22,3540369238,Zā Lä Thü,https://www.metal-archives.com/bands/Z%C4%81_L%C3%A4_Th%C3%BC/3540369238,Active,United States,Industrial/Death Metal,31/08/2019 14:10:46
23,3540298648,Za Piratz,https://www.metal-archives.com/bands/Za_Piratz/3540298648,Active,France,Death/Thrash Metal,31/08/2019 14:10:46
24,3540441914,Zaas,https://www.metal-archives.com/bands/Zaas/3540441914,Split-up,Spain,Heavy Metal/Hard Rock,31/08/2019 14:10:46
25,3540388772,Zabaniah,https://www.metal-archives.com/bands/Zabaniah/3540388772,Active,Indonesia,Black Metal,31/08/2019 14:10:46
26,3540294479,Zabaniyah,https://www.metal-archives.com/bands/Zabaniyah/3540294479,Active,Indonesia,Black Metal,31/08/2019 14:10:46
27,32097,Zabiis,https://www.metal-archives.com/bands/Zabiis/32097,Split-up,United Kingdom,Epic/Atmospheric Doom/Black Metal,31/08/2019 14:10:46
28,3540386465,Zabulon,https://www.metal-archives.com/bands/Zabulon/3540386465,Unknown,Colombia,Black Metal,31/08/2019 14:10:46
29,41272,Zabulos,https://www.metal-archives.com/bands/Zabulos/41272,Split-up,Italy,Black Metal,31/08/2019 14:10:46
30,3540315922,Zabulus,https://www.metal-archives.com/bands/Zabulus/3540315922,Split-up,Mexico,Black Metal,31/08/2019 14:10:46
31,3540419968,Zabulus,https://www.metal-archives.com/bands/Zabulus/3540419968,Active,Colombia,Black Metal,31/08/2019 14:10:46
32,23319,Zaburon,https://www.metal-archives.com/bands/Zaburon/23319,Active,Italy,Brutal Death Metal,31/08/2019 14:10:46
33,3540419276,Zac Leaser,https://www.metal-archives.com/bands/Zac_Leaser/3540419276,Active,United States,Technical/Melodic Death Metal,31/08/2019 14:10:46
34,3540398717,Zacai,https://www.metal-archives.com/bands/Zacai/3540398717,Split-up,Brazil,Black Metal,31/08/2019 14:10:46
35,3540260086,Zack Uidl,https://www.metal-archives.com/bands/Zack_Uidl/3540260086,Active,United States,"Progressive Metal, Shred",31/08/2019 14:10:46
36,3540453605,Zad,https://www.metal-archives.com/bands/Zad/3540453605,Active,Israel,Doom/Black Metal,31/08/2019 14:10:46
37,89107,Zadan,https://www.metal-archives.com/bands/Zadan/89107,Active,United States,Black/Doom Metal,31/08/2019 14:10:46
38,88104,Zadar,https://www.metal-archives.com/bands/Zadar/88104,Split-up,Italy,Heavy Metal,31/08/2019 14:10:46
39,3540354608,Zadex,https://www.metal-archives.com/bands/Zadex/3540354608,Split-up,United States,Power Metal,31/08/2019 14:10:46
40,3540362020,Zadistik Zeekness,https://www.metal-archives.com/bands/Zadistik_Zeekness/3540362020,Active,Mexico,Thrash Metal,31/08/2019 14:10:46
41,18020,Zadkiel,https://www.metal-archives.com/bands/Zadkiel/18020,Split-up,Japan,Black/Speed Metal,31/08/2019 14:10:46
42,3540430504,Zadkiel,https://www.metal-archives.com/bands/Zadkiel/3540430504,Split-up,Mexico,Black Metal,31/08/2019 14:10:46
43,40717,Zadögoat,https://www.metal-archives.com/bands/Zad%C3%B6goat/40717,Split-up,Germany,Black Metal,31/08/2019 14:10:46
44,84401,Zadok,https://www.metal-archives.com/bands/Zadok/84401,Split-up,Germany,Thrash Metal,31/08/2019 14:10:46
45,127839,Zadok,https://www.metal-archives.com/bands/Zadok/127839,Active,Germany,Gothic Metal,31/08/2019 14:10:46
46,3540305817,Zadok,https://www.metal-archives.com/bands/Zadok/3540305817,Split-up,Germany,Heavy Metal,31/08/2019 14:10:46
47,3540300972,Zadox,https://www.metal-archives.com/bands/Zadox/3540300972,Split-up,United States,Heavy/Power Metal,31/08/2019 14:10:46
48,3540407659,Zadur,https://www.metal-archives.com/bands/Zadur/3540407659,Active,Mexico,Heavy Metal,31/08/2019 14:10:46
49,43808,Zaebos,https://www.metal-archives.com/bands/Zaebos/43808,Split-up,Germany,Melodic Black Metal,31/08/2019 14:10:46
50,20855,Zaebros,https://www.metal-archives.com/bands/Zaebros/20855,Unknown,Australia,Black Metal,31/08/2019 14:10:46
51,3540335206,Zafakon,https://www.metal-archives.com/bands/Zafakon/3540335206,Active,Puerto Rico,Death/Thrash Metal,31/08/2019 14:10:46
52,3540443447,Zafio,https://www.metal-archives.com/bands/Zafio/3540443447,Active,Ecuador,Heavy Metal,31/08/2019 14:10:46
53,2699,Zafira,https://www.metal-archives.com/bands/Zafira/2699,Unknown,Chile,Death/Doom Metal,31/08/2019 14:10:46
54,21904,Zagam,https://www.metal-archives.com/bands/Zagam/21904,Split-up,France,Black Metal,31/08/2019 14:10:46
55,3540372571,Zagan,https://www.metal-archives.com/bands/Zagan/3540372571,Active,United States,Black Metal,31/08/2019 14:10:46
56,3540362624,Zageron,https://www.metal-archives.com/bands/Zageron/3540362624,Active,Lithuania,Experimental Death Metal,31/08/2019 14:10:46
57,3540431239,Zaghan,https://www.metal-archives.com/bands/Zaghan/3540431239,Active,Mexico,Black/Thrash Metal,31/08/2019 14:10:46
58,3540319020,Zagharos,https://www.metal-archives.com/bands/Zagharos/3540319020,Active,Netherlands,Black Metal,31/08/2019 14:10:46
59,13671,Zaghurim,https://www.metal-archives.com/bands/Zaghurim/13671,Active,France,Industrial/Ambient/Black Metal,31/08/2019 14:10:46
60,82563,Zagros,https://www.metal-archives.com/bands/Zagros/82563,Active,Venezuela,Progressive Heavy Metal,31/08/2019 14:10:46
61,9242,Zagros Atica,https://www.metal-archives.com/bands/Zagros_Atica/9242,Active,Mexico,Progressive Metal,31/08/2019 14:10:46
62,3540440869,Zagtar,https://www.metal-archives.com/bands/Zagtar/3540440869,Active,Australia,Thrash/Groove Metal,31/08/2019 14:10:46
63,3540425572,Zagłada,https://www.metal-archives.com/bands/Zag%C5%82ada/3540425572,Active,Poland,Black Metal,31/08/2019 14:10:46
64,3540296868,Zähc,https://www.metal-archives.com/bands/Z%C3%A4hc/3540296868,Changed name,Brazil,Thrash/Death Metal/Crossover,31/08/2019 14:10:46
65,3540397515,Zahena,https://www.metal-archives.com/bands/Zahena/3540397515,Active,United States,Black Metal,31/08/2019 14:10:46
66,13622,Zahgurim,https://www.metal-archives.com/bands/Zahgurim/13622,Split-up,Germany,Black Metal,31/08/2019 14:10:46
67,20866,Zahgurim,https://www.metal-archives.com/bands/Zahgurim/20866,Split-up,United States,Black Metal/Dark Ambient,31/08/2019 14:10:46
68,30978,Zahgurim,https://www.metal-archives.com/bands/Zahgurim/30978,Changed name,United States,Raw Black Metal,31/08/2019 14:10:46
69,111423,Zahgurim,https://www.metal-archives.com/bands/Zahgurim/111423,Split-up,United States,Black Metal,31/08/2019 14:10:46
70,9169,Zahrim,https://www.metal-archives.com/bands/Zahrim/9169,Split-up,Sweden,Black/Death Metal,31/08/2019 14:10:46
71,14641,Zahrim,https://www.metal-archives.com/bands/Zahrim/14641,Split-up,Denmark,Black Metal,31/08/2019 14:10:46
72,23523,Zahrim,https://www.metal-archives.com/bands/Zahrim/23523,Split-up,United States,Black Metal,31/08/2019 14:10:46
73,3540453575,Zahrimar,https://www.metal-archives.com/bands/Zahrimar/3540453575,Active,Germany,Black Metal,31/08/2019 14:10:46
74,113320,Zaiko,https://www.metal-archives.com/bands/Zaiko/113320,Active,Mexico,Thrash Metal,31/08/2019 14:10:46
75,3540291788,Zaimus,https://www.metal-archives.com/bands/Zaimus/3540291788,Active,Montenegro,Black Metal,31/08/2019 14:10:46
76,3540338543,Zaitania,https://www.metal-archives.com/bands/Zaitania/3540338543,Active,Colombia,Black Metal,31/08/2019 14:10:46
77,25040,Zaius,https://www.metal-archives.com/bands/Zaius/25040,Active,United States,Stoner Metal,31/08/2019 14:10:46
78,3540320830,Zajal,https://www.metal-archives.com/bands/Zajal/3540320830,Active,Egypt,Death Metal with Middle Eastern influences,31/08/2019 14:10:46
79,3540437764,Zajetí Kouře,https://www.metal-archives.com/bands/Zajet%C3%AD_Kou%C5%99e/3540437764,Active,Czechia,Thrash Metal,31/08/2019 14:10:46
80,3540278139,Zakas,https://www.metal-archives.com/bands/Zakas/3540278139,Active,United States,Avant-garde Metal/Various,31/08/2019 14:10:46
81,60319,Zakata,https://www.metal-archives.com/bands/Zakata/60319,Active,Hungary,Heavy Metal,31/08/2019 14:10:46
82,3540406701,Zakaz,https://www.metal-archives.com/bands/Zakaz/3540406701,Active,Iceland,Black Metal,31/08/2019 14:10:46
83,83108,Zakeus,https://www.metal-archives.com/bands/Zakeus/83108,Split-up,Hungary,Heavy Metal/Hard Rock,31/08/2019 14:10:46
84,3540295911,Zakhm,https://www.metal-archives.com/bands/Zakhm/3540295911,Unknown,Iran,Depressive Black Metal/Ambient,31/08/2019 14:10:46
85,6309,Zakk Wylde,https://www.metal-archives.com/bands/Zakk_Wylde/6309,Active,United States,Southern Rock,31/08/2019 14:10:46
86,116566,Zaklan,https://www.metal-archives.com/bands/Zaklan/116566,Split-up,Serbia,Black Metal,31/08/2019 14:10:46
87,110221,Zaklana Čeljad,https://www.metal-archives.com/bands/Zaklana_%C4%8Celjad/110221,Unknown,Serbia,Thrash/Death Metal,31/08/2019 14:10:46
88,65645,Zaklon,https://www.metal-archives.com/bands/Zaklon/65645,Active,Belarus,Black Metal,31/08/2019 14:10:46
89,3540334669,Zakon,https://www.metal-archives.com/bands/Zakon/3540334669,Unknown,Poland,Doom/Death Metal,31/08/2019 14:10:46
90,3540367745,Zakon Wilczej Krwi,https://www.metal-archives.com/bands/Zakon_Wilczej_Krwi/3540367745,Active,Poland,Black Metal,31/08/2019 14:10:46
91,3540282967,Zalim,https://www.metal-archives.com/bands/Zalim/3540282967,Unknown,Indonesia,Black/Gothic Metal,31/08/2019 14:10:46
92,3540436304,Zalmoxis,https://www.metal-archives.com/bands/Zalmoxis/3540436304,Active,Germany,Black Metal,31/08/2019 14:10:46
93,3540390091,Zalnabur,https://www.metal-archives.com/bands/Zalnabur/3540390091,Active,Indonesia,Black/Death Metal,31/08/2019 14:10:46
94,23171,Zalnik,https://www.metal-archives.com/bands/Zalnik/23171,Split-up,United States,Black Metal,31/08/2019 14:10:46
95,6414,Zamak,https://www.metal-archives.com/bands/Zamak/6414,Active,Mexico,Death Metal,31/08/2019 14:10:46
96,3540410429,Zamboni,https://www.metal-archives.com/bands/Zamboni/3540410429,Changed name,United States,Crossover/Thrash Metal,31/08/2019 14:10:46
97,3540438854,Zamieć,https://www.metal-archives.com/bands/Zamie%C4%87/3540438854,Active,Poland,Black Metal,31/08/2019 14:10:46
98,3540324201,Zamora,https://www.metal-archives.com/bands/Zamora/3540324201,Changed name,Philippines,Black Metal/Grindcore,31/08/2019 14:10:46
99,3540381364,Zamorak,https://www.metal-archives.com/bands/Zamorak/3540381364,Split-up,United States,Black Metal,31/08/2019 14:10:46
100,3540324248,Zamundra,https://www.metal-archives.com/bands/Zamundra/3540324248,Active,Italy,Groove/Thrash Metal,31/08/2019 14:10:46
101,3540411277,Zan,https://www.metal-archives.com/bands/Zan/3540411277,Active,United States,Technical Death Metal/Deathcore,31/08/2019 14:10:46
102,67082,Zanarkand,https://www.metal-archives.com/bands/Zanarkand/67082,Active,Spain,Heavy Metal,31/08/2019 14:10:46
103,4771,Zandelle,https://www.metal-archives.com/bands/Zandelle/4771,Active,United States,Heavy/Power Metal,31/08/2019 14:10:46
104,42890,Zandrium,https://www.metal-archives.com/bands/Zandrium/42890,Changed name,Finland,Black Metal,31/08/2019 14:10:46
105,31359,Zangentod,https://www.metal-archives.com/bands/Zangentod/31359,Active,Switzerland,Black Metal,31/08/2019 14:10:46
106,57338,Zangryus,https://www.metal-archives.com/bands/Zangryus/57338,Active,United Kingdom,Gothic Metal,31/08/2019 14:10:46
107,3540273821,Zaninez,https://www.metal-archives.com/bands/Zaninez/3540273821,Split-up,Sweden,Heavy Metal,31/08/2019 14:10:46
108,4161,Zanister,https://www.metal-archives.com/bands/Zanister/4161,Split-up,United States,Heavy Metal,31/08/2019 14:10:46
109,100365,Zanity,https://www.metal-archives.com/bands/Zanity/100365,Split-up,Sweden,Power Metal,31/08/2019 14:10:46
110,3540269238,Zanskar,https://www.metal-archives.com/bands/Zanskar/3540269238,Unknown,Pakistan,Melodic Death Metal,31/08/2019 14:10:46
111,97223,Zanthicus,https://www.metal-archives.com/bands/Zanthicus/97223,Active,Philippines,Black Metal,31/08/2019 14:10:46
112,3540283081,Zanthropya Ex,https://www.metal-archives.com/bands/Zanthropya_Ex/3540283081,Active,Germany,Thrash/Death Metal/Metalcore,31/08/2019 14:10:46
113,118552,Zany Zone,https://www.metal-archives.com/bands/Zany_Zone/118552,Active,Thailand,Symphonic Progressive Metal,31/08/2019 14:10:46
114,100867,Zanzibal,https://www.metal-archives.com/bands/Zanzibal/100867,Active,Japan,Melodic Death Metal,31/08/2019 14:10:46
115,111486,Zap,https://www.metal-archives.com/bands/Zap/111486,Split-up,Italy,Heavy Metal,31/08/2019 14:10:46
116,3540382755,Zaphira,https://www.metal-archives.com/bands/Zaphira/3540382755,Active,Switzerland,Symphonic Metal,31/08/2019 14:10:46
117,3540439275,Zaphyria,https://www.metal-archives.com/bands/Zaphyria/3540439275,Split-up,Argentina,Symphonic Power Metal,31/08/2019 14:10:46
118,3540261379,Zaplaxa,https://www.metal-archives.com/bands/Zaplaxa/3540261379,Active,Bulgaria,Thrash Metal/Metalcore,31/08/2019 14:10:46
119,3540290173,Zapomenuta minulost,https://www.metal-archives.com/bands/Zapomenuta_minulost/3540290173,Active,Czechia,Heavy/Thrash Metal,31/08/2019 14:10:46
120,3540425474,Zappenduster,https://www.metal-archives.com/bands/Zappenduster/3540425474,Active,Germany,Melodic Black/Death Metal,31/08/2019 14:10:46
121,3540371611,Zaprti Oddelek,https://www.metal-archives.com/bands/Zaprti_Oddelek/3540371611,Active,Slovenia,Grindcore/Crust,31/08/2019 14:10:46
122,125409,Zaqueo,https://www.metal-archives.com/bands/Zaqueo/125409,Active,Argentina,Progressive Death Metal,31/08/2019 14:10:46
123,3540433399,Zaqum,https://www.metal-archives.com/bands/Zaqum/3540433399,Active,Colombia,Black Metal,31/08/2019 14:10:46
124,98439,Zar,https://www.metal-archives.com/bands/Zar/98439,Active,Germany,"Melodic Heavy/Power Metal, Hard Rock",31/08/2019 14:10:46
125,55581,Zara,https://www.metal-archives.com/bands/Zara/55581,Split-up,France,Heavy/Speed Metal,31/08/2019 14:10:46
126,3540454763,Zarabanda Moon,https://www.metal-archives.com/bands/Zarabanda_Moon/3540454763,Active,United States,Black Metal,31/08/2019 14:10:46
127,13677,Zarach 'Baal' Tharagh,https://www.metal-archives.com/bands/Zarach_%27Baal%27_Tharagh/13677,Split-up,France,"Raw Black Metal, Ambient/Noise",31/08/2019 14:10:46
128,87872,Zaragone,https://www.metal-archives.com/bands/Zaragone/87872,Split-up,Sweden,Power Metal,31/08/2019 14:10:46
129,45061,Zaraq,https://www.metal-archives.com/bands/Zaraq/45061,Unknown,Sweden,Black Metal,31/08/2019 14:10:46
130,956,Zarathustra,https://www.metal-archives.com/bands/Zarathustra/956,On hold,Germany,Black Metal,31/08/2019 14:10:46
131,91424,Zarathustra,https://www.metal-archives.com/bands/Zarathustra/91424,Split-up,Netherlands,Melodic Power Metal,31/08/2019 14:10:46
132,3540312501,Zarathustra,https://www.metal-archives.com/bands/Zarathustra/3540312501,Changed name,United Kingdom,Death Metal,31/08/2019 14:10:46
133,3540329807,Zarathustra,https://www.metal-archives.com/bands/Zarathustra/3540329807,Active,Brazil,Depressive Black Metal,31/08/2019 14:10:46
134,3540457212,Zaratus,https://www.metal-archives.com/bands/Zaratus/3540457212,Active,Greece,Black Metal,31/08/2019 14:10:46
135,8768,Zaratustra,https://www.metal-archives.com/bands/Zaratustra/8768,Split-up,Bulgaria,Black Metal,31/08/2019 14:10:46
136,3540424124,Zaraza,https://www.metal-archives.com/bands/Zaraza/3540424124,Active,Canada,"Industrial/Doom Metal, Industrial",31/08/2019 14:10:46
137,3540457107,Zaraza,https://www.metal-archives.com/bands/Zaraza/3540457107,Active,Poland,Black Metal,31/08/2019 14:10:46
138,3540342536,Zardens,https://www.metal-archives.com/bands/Zardens/3540342536,Split-up,Belgium,Black/Death Metal,31/08/2019 14:10:46
139,3540421442,ZarDošt,https://www.metal-archives.com/bands/ZarDo%C5%A1t/3540421442,Active,Japan,Thrash/Death Metal,31/08/2019 14:10:46
140,103057,Zardoz,https://www.metal-archives.com/bands/Zardoz/103057,Changed name,Germany,Heavy Metal/Hard Rock,31/08/2019 14:10:46
141,3540380211,Zareg,https://www.metal-archives.com/bands/Zareg/3540380211,Active,Spain,Black/Death Metal,31/08/2019 14:10:46
142,3540431409,Zareptha,https://www.metal-archives.com/bands/Zareptha/3540431409,Unknown,Norway,Death/Groove Metal,31/08/2019 14:10:46
143,42909,Zarg,https://www.metal-archives.com/bands/Zarg/42909,Active,Brazil,Progressive Metal/Rock,31/08/2019 14:10:46
144,19565,Zargof,https://www.metal-archives.com/bands/Zargof/19565,Active,Brazil,Symphonic Black Metal,31/08/2019 14:10:46
145,3540356213,Zaria,https://www.metal-archives.com/bands/Zaria/3540356213,Active,Slovenia,Symphonic Folk Metal,31/08/2019 14:10:46
146,3540387769,Zarin,https://www.metal-archives.com/bands/Zarin/3540387769,Active,Belarus,Technical Brutal Death Metal,31/08/2019 14:10:46
147,3540337271,Zarkasmo,https://www.metal-archives.com/bands/Zarkasmo/3540337271,Active,Guatemala,Death/Thrash Metal,31/08/2019 14:10:46
148,3540347860,Zarkozooh,https://www.metal-archives.com/bands/Zarkozooh/3540347860,Active,Russia,Progressive Black/Death Metal,31/08/2019 14:10:46
149,17016,Zarpa,https://www.metal-archives.com/bands/Zarpa/17016,Active,Spain,Heavy Metal,31/08/2019 14:10:46
150,100072,Zarpass,https://www.metal-archives.com/bands/Zarpass/100072,Active,Chile,"Crossover (early), Thrash Metal/Grindcore (later)",31/08/2019 14:10:46
151,3540349568,Zarquum,https://www.metal-archives.com/bands/Zarquum/3540349568,Active,Malaysia,Death Metal,31/08/2019 14:10:46
152,3540352928,Zarragorth,https://www.metal-archives.com/bands/Zarragorth/3540352928,Active,Germany,Black Metal,31/08/2019 14:10:46
153,3540361181,Zarraza,https://www.metal-archives.com/bands/Zarraza/3540361181,Active,Kazakhstan,Groove Metal,31/08/2019 14:10:46
154,61018,Zástup jiných,https://www.metal-archives.com/bands/Z%C3%A1stup_jin%C3%BDch/61018,Split-up,Czechia,Thrash Metal/Crossover,31/08/2019 14:10:46
155,3540436076,Zatanor,https://www.metal-archives.com/bands/Zatanor/3540436076,Changed name,Chile,Black/Thrash Metal,31/08/2019 14:10:46
156,3540350645,Zath,https://www.metal-archives.com/bands/Zath/3540350645,Active,United States,Thrash Metal,31/08/2019 14:10:46
157,24863,Zatokrev,https://www.metal-archives.com/bands/Zatokrev/24863,Active,Switzerland,Doom/Death/Sludge Metal,31/08/2019 14:10:46
158,3540446505,Zatrata,https://www.metal-archives.com/bands/Zatrata/3540446505,Active,Poland,Death Metal/Crust Punk,31/08/2019 14:10:46
159,3540283242,Zatreon,https://www.metal-archives.com/bands/Zatreon/3540283242,Active,Egypt,Extreme Symphonic/Gothic Metal,31/08/2019 14:10:46
160,3540381771,Zauberer,https://www.metal-archives.com/bands/Zauberer/3540381771,Active,Australia,Black Metal/Noise,31/08/2019 14:10:46
161,19781,Zaum,https://www.metal-archives.com/bands/Zaum/19781,Unknown,United States,Atmospheric Black Metal,31/08/2019 14:10:46
162,3540382448,Zaum,https://www.metal-archives.com/bands/Zaum/3540382448,Active,Canada,Psychedelic Doom Metal,31/08/2019 14:10:46
163,112782,Zaunka,https://www.metal-archives.com/bands/Zaunka/112782,Unknown,Spain,Heavy Metal,31/08/2019 14:10:46
164,37850,Zauron,https://www.metal-archives.com/bands/Zauron/37850,Active,United States,Heavy Metal,31/08/2019 14:10:46
165,3540449564,Zauront,https://www.metal-archives.com/bands/Zauront/3540449564,Active,Mexico,Black/Death Metal,31/08/2019 14:10:46
166,7904,Zavorash,https://www.metal-archives.com/bands/Zavorash/7904,Split-up,Sweden,Black/Death Metal,31/08/2019 14:10:46
167,3540449111,Zavos,https://www.metal-archives.com/bands/Zavos/3540449111,Active,United States,Raw Black Metal,31/08/2019 14:10:46
168,3540352774,Zavotage,https://www.metal-archives.com/bands/Zavotage/3540352774,Active,Peru,Thrash Metal,31/08/2019 14:10:46
169,120876,Zavraka,https://www.metal-archives.com/bands/Zavraka/120876,Split-up,France,Thrash/Death Metal,31/08/2019 14:10:46
170,3540451720,Zawrat,https://www.metal-archives.com/bands/Zawrat/3540451720,Active,United Kingdom,Black Metal,31/08/2019 14:10:46
171,842,Zaxas,https://www.metal-archives.com/bands/Zaxas/842,Active,United States,Power Metal,31/08/2019 14:10:46
172,3540428857,Zaxl Morg,https://www.metal-archives.com/bands/Zaxl_Morg/3540428857,Unknown,United States,Raw Black Metal,31/08/2019 14:10:46
173,3540429518,Zaxxon,https://www.metal-archives.com/bands/Zaxxon/3540429518,Active,United States,Black Metal,31/08/2019 14:10:46
174,3540423116,Zaz'Gogoogngm Second Season,https://www.metal-archives.com/bands/Zaz%27Gogoogngm_Second_Season/3540423116,Split-up,Japan,Technical/Brutal Death Metal,31/08/2019 14:10:46
175,27228,Zazozora,https://www.metal-archives.com/bands/Zazozora/27228,Active,Sweden,Doom Metal,31/08/2019 14:10:46
176,97947,Zbor,https://www.metal-archives.com/bands/Zbor/97947,Unknown,Croatia,Doom Metal,31/08/2019 14:10:46
177,3540260226,Zcerneboh,https://www.metal-archives.com/bands/Zcerneboh/3540260226,Active,Poland,Black Metal,31/08/2019 14:10:46
178,3540428370,Zdań,https://www.metal-archives.com/bands/Zda%C5%84/3540428370,Active,Belarus,Depressive Black Metal,31/08/2019 14:10:46
179,3540324176,Ze Monsta,https://www.metal-archives.com/bands/Ze_Monsta/3540324176,Split-up,Italy,Progressive Sludge/Thrash Metal/Post-Hardcore,31/08/2019 14:10:46
180,3540413420,Zeal,https://www.metal-archives.com/bands/Zeal/3540413420,Active,Indonesia,Metalcore,31/08/2019 14:10:46
181,25374,Zeal Camera,https://www.metal-archives.com/bands/Zeal_Camera/25374,On hold,Japan,Melodic Power Metal,31/08/2019 14:10:46
182,115975,Zealot,https://www.metal-archives.com/bands/Zealot/115975,Changed name,Finland,Melodic Death Metal,31/08/2019 14:10:46
183,3540348112,Zealot Cult,https://www.metal-archives.com/bands/Zealot_Cult/3540348112,Active,Ireland,Death Metal,31/08/2019 14:10:46
184,3540289565,Zealotry,https://www.metal-archives.com/bands/Zealotry/3540289565,Active,United States,Death Metal,31/08/2019 14:10:46
185,62463,Zealous,https://www.metal-archives.com/bands/Zealous/62463,Split-up,Japan,Heavy Metal,31/08/2019 14:10:46
186,3540315363,Zealous,https://www.metal-archives.com/bands/Zealous/3540315363,Split-up,India,Thrash Metal,31/08/2019 14:10:46
187,99219,Zealous Witness,https://www.metal-archives.com/bands/Zealous_Witness/99219,Split-up,Canada,Technical Thrash Metal,31/08/2019 14:10:46
188,59985,Zeb Dragon,https://www.metal-archives.com/bands/Zeb_Dragon/59985,Split-up,United Kingdom,Heavy Metal,31/08/2019 14:10:46
189,3540255752,Zebadiah Crowe,https://www.metal-archives.com/bands/Zebadiah_Crowe/3540255752,Active,United Kingdom,Black Metal,31/08/2019 14:10:46
190,3540387363,Zeber,https://www.metal-archives.com/bands/Zeber/3540387363,Active,Colombia,Black Metal,31/08/2019 14:10:46
191,3540437250,Zebra,https://www.metal-archives.com/bands/Zebra/3540437250,Split-up,Mexico,Heavy Metal,31/08/2019 14:10:46
192,3540399238,Zebras,https://www.metal-archives.com/bands/Zebras/3540399238,On hold,United States,"Noise Rock/Sludge Metal, Crossover",31/08/2019 14:10:46
193,3540255840,Zebroid,https://www.metal-archives.com/bands/Zebroid/3540255840,Split-up,United States,Heavy Metal,31/08/2019 14:10:46
194,3540399221,Zebu,https://www.metal-archives.com/bands/Zebu/3540399221,Active,Greece,Southern Metal,31/08/2019 14:10:46
195,3540403363,Zebú,https://www.metal-archives.com/bands/Zeb%C3%BA/3540403363,Active,Mexico,Death Metal/Grindcore,31/08/2019 14:10:46
196,3540413602,Zebub,https://www.metal-archives.com/bands/Zebub/3540413602,Active,Colombia,Black Metal,31/08/2019 14:10:46
197,3540448993,Zebulom,https://www.metal-archives.com/bands/Zebulom/3540448993,Split-up,Brazil,Death/Groove Metal,31/08/2019 14:10:46
198,47587,Zebulon,https://www.metal-archives.com/bands/Zebulon/47587,Changed name,Sweden,Stoner Metal,31/08/2019 14:10:46
199,3540307819,Zebulon Kosted,https://www.metal-archives.com/bands/Zebulon_Kosted/3540307819,Active,United States,"Black Metal, Experimental/Noise/Ambient",31/08/2019 14:10:46
200,23032,Zebulon Pike,https://www.metal-archives.com/bands/Zebulon_Pike/23032,Active,United States,Stoner/Doom Metal,31/08/2019 14:10:46
201,75894,ZED,https://www.metal-archives.com/bands/ZED/75894,Split-up,United States,Sludge Metal,31/08/2019 14:10:46
202,1692,Zed Yago,https://www.metal-archives.com/bands/Zed_Yago/1692,Active,Germany,Heavy Metal,31/08/2019 14:10:46
203,3540365724,Zeddicus Zu'l Zorander,https://www.metal-archives.com/bands/Zeddicus_Zu%27l_Zorander/3540365724,Active,Russia,Crossover/Thrash Metal,31/08/2019 14:10:46
204,3540280593,Zedekiah,https://www.metal-archives.com/bands/Zedekiah/3540280593,On hold,Japan,Thrash Metal,31/08/2019 14:10:46
205,34514,Zedher,https://www.metal-archives.com/bands/Zedher/34514,Changed name,Italy,Black/Death Metal,31/08/2019 14:10:46
206,3540349491,Zedher's Coffin,https://www.metal-archives.com/bands/Zedher%27s_Coffin/3540349491,Active,Italy,Black Metal,31/08/2019 14:10:46
207,55780,Zee Docta,https://www.metal-archives.com/bands/Zee_Docta/55780,Active,United States,Death Metal,31/08/2019 14:10:46
208,3540408287,Zeed,https://www.metal-archives.com/bands/Zeed/3540408287,Split-up,Japan,Speed/Thrash Metal,31/08/2019 14:10:46
209,3540452334,Zeegang,https://www.metal-archives.com/bands/Zeegang/3540452334,Active,Netherlands,Black Metal,31/08/2019 14:10:46
210,66224,Zeelion,https://www.metal-archives.com/bands/Zeelion/66224,Active,Sweden,Melodic Heavy/Power Metal,31/08/2019 14:10:46
211,19923,Zeenon,https://www.metal-archives.com/bands/Zeenon/19923,On hold,Norway,Death Metal,31/08/2019 14:10:46
212,3540382263,Zeeuwse Meisjes Molestors,https://www.metal-archives.com/bands/Zeeuwse_Meisjes_Molestors/3540382263,Active,Netherlands,Blackened Grindcore/Noise,31/08/2019 14:10:46
213,3540353427,Zeit,https://www.metal-archives.com/bands/Zeit/3540353427,Active,Germany,Black/Doom Metal,31/08/2019 14:10:46
214,3540457591,Zeit,https://www.metal-archives.com/bands/Zeit/3540457591,Active,Spain,Groove Metal,31/08/2019 14:10:46
215,44065,Zeitgeist,https://www.metal-archives.com/bands/Zeitgeist/44065,Split-up,United States,Progressive Metal,31/08/2019 14:10:46
216,49983,Zeitgeist,https://www.metal-archives.com/bands/Zeitgeist/49983,Split-up,United Kingdom,Thrash Metal,31/08/2019 14:10:46
217,3540318343,Zeitgeist,https://www.metal-archives.com/bands/Zeitgeist/3540318343,Active,Germany,Black Metal,31/08/2019 14:10:46
218,3540345735,Zeitgeist,https://www.metal-archives.com/bands/Zeitgeist/3540345735,Active,Paraguay,Gothic Metal,31/08/2019 14:10:46
219,3540361587,Zeitgeist,https://www.metal-archives.com/bands/Zeitgeist/3540361587,Split-up,United States,Death Metal,31/08/2019 14:10:46
220,3540382109,ZeitGeizt,https://www.metal-archives.com/bands/ZeitGeizt/3540382109,Unknown,Brazil,Progressive Metal/Rock,31/08/2019 14:10:46
221,3540435605,Zel Agganor,https://www.metal-archives.com/bands/Zel_Agganor/3540435605,Active,United Kingdom,Symphonic Black Metal,31/08/2019 14:10:46
222,3540410990,Zelator,https://www.metal-archives.com/bands/Zelator/3540410990,Split-up,Russia,Death Metal,31/08/2019 14:10:46
223,42391,Zelda,https://www.metal-archives.com/bands/Zelda/42391,Split-up,France,Death Metal,31/08/2019 14:10:46
224,24916,Zeldar,https://www.metal-archives.com/bands/Zeldar/24916,Active,Argentina,Heavy/Power Metal,31/08/2019 14:10:46
225,3540262137,Zelestial,https://www.metal-archives.com/bands/Zelestial/3540262137,Split-up,Ecuador,Gothic/Black Metal,31/08/2019 14:10:46
226,12821,Železná neděle,https://www.metal-archives.com/bands/%C5%BDelezn%C3%A1_ned%C4%9Ble/12821,Split-up,Czechia,Heavy Metal,31/08/2019 14:10:46
227,73907,Železobeton,https://www.metal-archives.com/bands/%C5%BDelezobeton/73907,Active,Slovenia,Thrash Metal,31/08/2019 14:10:46
228,102180,Zelfhaat,https://www.metal-archives.com/bands/Zelfhaat/102180,Split-up,Netherlands,Black Metal,31/08/2019 14:10:46
229,3540378808,Zelichant,https://www.metal-archives.com/bands/Zelichant/3540378808,Active,Mexico,Melodic Death Metal,31/08/2019 14:10:46
230,3540429689,Zelosis,https://www.metal-archives.com/bands/Zelosis/3540429689,Active,United States,Black Metal,31/08/2019 14:10:46
231,89582,Zelyon,https://www.metal-archives.com/bands/Zelyon/89582,Active,Germany,Thrash Metal,31/08/2019 14:10:46
232,3540427404,Zematary,https://www.metal-archives.com/bands/Zematary/3540427404,Active,Sweden,Heavy Metal,31/08/2019 14:10:46
233,3540295030,Zembator,https://www.metal-archives.com/bands/Zembator/3540295030,Split-up,Poland,Thrash Metal with Hardcore influences,31/08/2019 14:10:46
234,45238,Zembus,https://www.metal-archives.com/bands/Zembus/45238,Split-up,Italy,Progressive Rock/Metal,31/08/2019 14:10:46
235,3540422421,Zementerio,https://www.metal-archives.com/bands/Zementerio/3540422421,Split-up,El Salvador,Death Metal,31/08/2019 14:10:46
236,3540428662,Zemeth,https://www.metal-archives.com/bands/Zemeth/3540428662,Active,Japan,Melodic Death/Neoclassical Metal,31/08/2019 14:10:46
237,934,Zemial,https://www.metal-archives.com/bands/Zemial/934,Active,Greece,"Black Metal (early), Progressive Black/Heavy/Thrash Metal (later)",31/08/2019 14:10:46
238,3540391252,Zeminence,https://www.metal-archives.com/bands/Zeminence/3540391252,Active,Japan,Symphonic Black Metal,31/08/2019 14:10:46
239,3540359958,Zemsta,https://www.metal-archives.com/bands/Zemsta/3540359958,Split-up,International,Black Metal,31/08/2019 14:10:46
240,23215,Zen,https://www.metal-archives.com/bands/Zen/23215,Changed name,Italy,Progressive Metal,31/08/2019 14:10:46
241,7459,Zen Venom,https://www.metal-archives.com/bands/Zen_Venom/7459,Split-up,Australia,Heavy Metal,31/08/2019 14:10:46
242,3540376770,Zenariz,https://www.metal-archives.com/bands/Zenariz/3540376770,Active,China,Depressive Black Metal,31/08/2019 14:10:46
243,65790,Zendas,https://www.metal-archives.com/bands/Zendas/65790,Active,Colombia,Heavy Metal/Hard Rock,31/08/2019 14:10:46
244,80550,Zendik,https://www.metal-archives.com/bands/Zendik/80550,Split-up,United States,Heavy Metal with Thrash elements,31/08/2019 14:10:46
245,3540443055,Zenek,https://www.metal-archives.com/bands/Zenek/3540443055,Active,Poland,Groove Metal,31/08/2019 14:10:46
246,21674,Zênite,https://www.metal-archives.com/bands/Z%C3%AAnite/21674,Active,Brazil,Death/Thrash Metal,31/08/2019 14:10:46
247,21951,Zenith,https://www.metal-archives.com/bands/Zenith/21951,Split-up,Denmark,Groove Metal/Grindcore,31/08/2019 14:10:46
248,26509,Zenith,https://www.metal-archives.com/bands/Zenith/26509,Split-up,United Kingdom,NWOBHM,31/08/2019 14:10:46
249,44551,Zenith,https://www.metal-archives.com/bands/Zenith/44551,Split-up,Germany,Heavy Metal,31/08/2019 14:10:46
250,62467,Zenith,https://www.metal-archives.com/bands/Zenith/62467,Split-up,Japan,Heavy Metal,31/08/2019 14:10:46
251,63187,Zenith,https://www.metal-archives.com/bands/Zenith/63187,Active,Uruguay,Thrash/Groove Metal,31/08/2019 14:10:46
252,122546,Zenith,https://www.metal-archives.com/bands/Zenith/122546,Split-up,Finland,Heavy Metal,31/08/2019 14:10:46
253,3540438661,Zenith Grace,https://www.metal-archives.com/bands/Zenith_Grace/3540438661,On hold,Japan,Melodic Heavy Metal,31/08/2019 14:10:46
254,3540318673,Zenith Maudlin,https://www.metal-archives.com/bands/Zenith_Maudlin/3540318673,Active,Turkey,Depressive Black Metal,31/08/2019 14:10:46
255,3540346497,Zenith Reunion,https://www.metal-archives.com/bands/Zenith_Reunion/3540346497,Active,Finland,Hard Rock/Heavy Metal,31/08/2019 14:10:46
256,88435,Zenithal,https://www.metal-archives.com/bands/Zenithal/88435,Active,United Kingdom,Thrash Metal,31/08/2019 14:10:46
257,59136,Zenithrash,https://www.metal-archives.com/bands/Zenithrash/59136,Active,Japan,Melodic Death Metal,31/08/2019 14:10:46
258,3540388455,Zenner,https://www.metal-archives.com/bands/Zenner/3540388455,Active,Colombia,Death Metal,31/08/2019 14:10:46
259,3540282116,Zeno Morf,https://www.metal-archives.com/bands/Zeno_Morf/3540282116,Active,Norway,Heavy Metal,31/08/2019 14:10:46
260,50100,Zenobia,https://www.metal-archives.com/bands/Zenobia/50100,Active,Spain,Heavy/Power Metal,31/08/2019 14:10:46
261,3540281498,Zenocide,https://www.metal-archives.com/bands/Zenocide/3540281498,Active,Japan,Sludge/Doom Metal,31/08/2019 14:10:46
262,59814,Zenolyth,https://www.metal-archives.com/bands/Zenolyth/59814,Active,United Kingdom,Heavy Metal,31/08/2019 14:10:46
263,3540435631,Zenoth,https://www.metal-archives.com/bands/Zenoth/3540435631,Active,Croatia,Groove Metal,31/08/2019 14:10:46
264,3540406315,Zentralrat der Guten,https://www.metal-archives.com/bands/Zentralrat_der_Guten/3540406315,Active,Germany,Pagan Metal,31/08/2019 14:10:46
265,120297,Zephaniah,https://www.metal-archives.com/bands/Zephaniah/120297,Active,United States,Power/Heavy Metal,31/08/2019 14:10:46
266,3540302451,Zepharnecron,https://www.metal-archives.com/bands/Zepharnecron/3540302451,Split-up,Mexico,Black Metal,31/08/2019 14:10:46
267,53913,Zepherus,https://www.metal-archives.com/bands/Zepherus/53913,Split-up,United States,Heavy Metal,31/08/2019 14:10:46
268,3540351526,Zephonith,https://www.metal-archives.com/bands/Zephonith/3540351526,Active,United States,Raw Black Metal,31/08/2019 14:10:46
269,3540315159,Zephyr,https://www.metal-archives.com/bands/Zephyr/3540315159,Active,Italy,Heavy Metal/Hard Rock,31/08/2019 14:10:46
270,3540348777,Zephyra,https://www.metal-archives.com/bands/Zephyra/3540348777,Active,Sweden,Metalcore/Melodic Groove Metal,31/08/2019 14:10:46
271,10062,Zephyrous,https://www.metal-archives.com/bands/Zephyrous/10062,Split-up,Greece,Black Metal,31/08/2019 14:10:46
272,3540395990,Zephyrus,https://www.metal-archives.com/bands/Zephyrus/3540395990,On hold,Portugal,Blackened Thrash Metal/Crossover,31/08/2019 14:10:46
273,100178,Zepo,https://www.metal-archives.com/bands/Zepo/100178,Split-up,Spain,Heavy Metal,31/08/2019 14:10:46
274,104646,Zepsilon,https://www.metal-archives.com/bands/Zepsilon/104646,Active,Japan,Raw Black Metal,31/08/2019 14:10:46
275,3540351564,Zépülkr,https://www.metal-archives.com/bands/Z%C3%A9p%C3%BClkr/3540351564,Active,France,Black Metal,31/08/2019 14:10:46
276,3540383375,Zer00ne,https://www.metal-archives.com/bands/Zer00ne/3540383375,Active,Serbia,Groove Metal/Metalcore,31/08/2019 14:10:46
277,3540386475,Zerakiel,https://www.metal-archives.com/bands/Zerakiel/3540386475,Active,Finland,Melodic Heavy Metal/Rock,31/08/2019 14:10:46
278,92020,Zeramoth,https://www.metal-archives.com/bands/Zeramoth/92020,Split-up,Germany,Black/Doom Metal,31/08/2019 14:10:46
279,90706,Zerber,https://www.metal-archives.com/bands/Zerber/90706,Active,Russia,Thrash/Death/Progressive/Industrial Metal,31/08/2019 14:10:46
280,29593,Zerberus,https://www.metal-archives.com/bands/Zerberus/29593,Split-up,Austria,Gothic/Doom Metal,31/08/2019 14:10:46
281,3540389369,Zerfall,https://www.metal-archives.com/bands/Zerfall/3540389369,Unknown,Germany,Black Metal,31/08/2019 14:10:46
282,101099,Zerfetzer,https://www.metal-archives.com/bands/Zerfetzer/101099,Active,Germany,Death/Thrash Metal,31/08/2019 14:10:46
283,82562,Zerg,https://www.metal-archives.com/bands/Zerg/82562,Unknown,Germany,Brutal Death Metal,31/08/2019 14:10:46
284,3540300474,Zerg,https://www.metal-archives.com/bands/Zerg/3540300474,Active,Germany,Black Metal,31/08/2019 14:10:46
285,3540375433,Zergeyth,https://www.metal-archives.com/bands/Zergeyth/3540375433,Active,Russia,Atmospheric Black/Folk Metal,31/08/2019 14:10:46
286,3540318837,Zergoth,https://www.metal-archives.com/bands/Zergoth/3540318837,Active,United States,Thrash Metal,31/08/2019 14:10:46
287,112613,Zermeño,https://www.metal-archives.com/bands/Zerme%C3%B1o/112613,Unknown,Spain,Heavy Metal/Hard Rock,31/08/2019 14:10:46
288,3540426871,Zernebog,https://www.metal-archives.com/bands/Zernebog/3540426871,Active,United States,Black Metal,31/08/2019 14:10:46
289,6331,Zero,https://www.metal-archives.com/bands/Zero/6331,Split-up,Spain,Heavy Metal,31/08/2019 14:10:46
290,102548,Zero,https://www.metal-archives.com/bands/Zero/102548,Split-up,United Kingdom,Thrash/Groove Metal,31/08/2019 14:10:46
291,3540278498,Zero,https://www.metal-archives.com/bands/Zero/3540278498,Active,Japan,Melodic Power Metal,31/08/2019 14:10:46
292,1465,Zero Based Perception,https://www.metal-archives.com/bands/Zero_Based_Perception/1465,Split-up,Canada,Thrash/Death Metal,31/08/2019 14:10:46
293,74590,Zero by None,https://www.metal-archives.com/bands/Zero_by_None/74590,Active,United States,Progressive Metal,31/08/2019 14:10:46
294,43956,Zero Control,https://www.metal-archives.com/bands/Zero_Control/43956,Split-up,United States,Thrash/Death Metal,31/08/2019 14:10:46
295,3540277350,Zero Degree,https://www.metal-archives.com/bands/Zero_Degree/3540277350,Active,Germany,Melodic Death Metal,31/08/2019 14:10:46
296,13955,Zero Degrees Freedom,https://www.metal-archives.com/bands/Zero_Degrees_Freedom/13955,Split-up,Australia,Melodic Death Metal,31/08/2019 14:10:46
297,121775,Zero Down,https://www.metal-archives.com/bands/Zero_Down/121775,Active,United States,Heavy Metal with Punk influences,31/08/2019 14:10:46
298,84460,Zero Enemies,https://www.metal-archives.com/bands/Zero_Enemies/84460,Split-up,Italy,Thrash Metal,31/08/2019 14:10:46
299,3540445936,Zero Fighter,https://www.metal-archives.com/bands/Zero_Fighter/3540445936,Active,Japan,Heavy Metal,31/08/2019 14:10:46
300,95769,Zero G,https://www.metal-archives.com/bands/Zero_G/95769,Active,"Korea, South","Heavy Metal/Hard Rock (early), Pop Rock (later)",31/08/2019 14:10:46
301,29378,Zero Gravity,https://www.metal-archives.com/bands/Zero_Gravity/29378,Split-up,Belgium,Progressive Metal,31/08/2019 14:10:46
302,3540387722,Zero Gravity,https://www.metal-archives.com/bands/Zero_Gravity/3540387722,Active,India,Groove/Death/Thrash Metal,31/08/2019 14:10:46
303,66496,Zero Hora,https://www.metal-archives.com/bands/Zero_Hora/66496,Split-up,Brazil,Heavy Metal/Hard Rock,31/08/2019 14:10:46
304,1267,Zero Hour,https://www.metal-archives.com/bands/Zero_Hour/1267,Split-up,United States,Progressive Metal,31/08/2019 14:10:46
305,12425,Zero Hour,https://www.metal-archives.com/bands/Zero_Hour/12425,Split-up,Greece,Heavy Metal,31/08/2019 14:10:46
306,48278,Zero Hour,https://www.metal-archives.com/bands/Zero_Hour/48278,Split-up,United States,Thrash Metal,31/08/2019 14:10:46
307,3540285006,Zero Hunt,https://www.metal-archives.com/bands/Zero_Hunt/3540285006,Split-up,United States,Thrash Metal,31/08/2019 14:10:46
308,3540329577,Zero Hunt,https://www.metal-archives.com/bands/Zero_Hunt/3540329577,Split-up,Switzerland,Thrash Metal,31/08/2019 14:10:46
309,50888,Zero Illusions,https://www.metal-archives.com/bands/Zero_Illusions/50888,Split-up,Sweden,Power/Progressive Metal,31/08/2019 14:10:46
310,43541,Zero Kelvin,https://www.metal-archives.com/bands/Zero_Kelvin/43541,Active,Italy,Power Metal with Death Metal influences,31/08/2019 14:10:46
311,26756,Zero Nine,https://www.metal-archives.com/bands/Zero_Nine/26756,Active,Finland,Heavy Metal/Hard Rock,31/08/2019 14:10:46
312,31399,Zero Option,https://www.metal-archives.com/bands/Zero_Option/31399,Split-up,Canada,Heavy/Power Metal,31/08/2019 14:10:46
313,123438,Zero Point,https://www.metal-archives.com/bands/Zero_Point/123438,Split-up,France,Death/Thrash Metal,31/08/2019 14:10:46
314,29732,Zero Signal,https://www.metal-archives.com/bands/Zero_Signal/29732,Active,United States,Heavy Metal,31/08/2019 14:10:46
315,34501,Zero Signal,https://www.metal-archives.com/bands/Zero_Signal/34501,Split-up,Italy,Death/Thrash Metal,31/08/2019 14:10:46
316,83546,Zero Signal,https://www.metal-archives.com/bands/Zero_Signal/83546,Split-up,Poland,Melodic Heavy Metal,31/08/2019 14:10:46
317,78389,Zero Silence,https://www.metal-archives.com/bands/Zero_Silence/78389,Split-up,Germany,Power Metal,31/08/2019 14:10:46
318,3540288264,Zero System,https://www.metal-archives.com/bands/Zero_System/3540288264,Changed name,United States,Melodic Death Metal/Metalcore,31/08/2019 14:10:46
319,122454,Zero to Ballistic,https://www.metal-archives.com/bands/Zero_to_Ballistic/122454,Active,United States,Progressive Metal/Rock,31/08/2019 14:10:46
320,2620,Zero Tolerance,https://www.metal-archives.com/bands/Zero_Tolerance/2620,Split-up,France,Industrial Thrash Metal,31/08/2019 14:10:46
321,78080,Zero Tolerance,https://www.metal-archives.com/bands/Zero_Tolerance/78080,Split-up,Sweden,Thrash Metal,31/08/2019 14:10:46
322,91372,Zero Tolerance,https://www.metal-archives.com/bands/Zero_Tolerance/91372,Split-up,United States,Thrash Metal,31/08/2019 14:10:46
323,124437,Zero Tolerance,https://www.metal-archives.com/bands/Zero_Tolerance/124437,Split-up,United States,Progressive Thrash Metal,31/08/2019 14:10:46
324,3540268968,Zero Tolerance,https://www.metal-archives.com/bands/Zero_Tolerance/3540268968,Split-up,United States,Thrash Metal,31/08/2019 14:10:46
325,3540344425,Zero Tolerance,https://www.metal-archives.com/bands/Zero_Tolerance/3540344425,Split-up,Ireland,Groove/Thrash/Heavy Metal,31/08/2019 14:10:46
326,3540380880,Zero Tolerance,https://www.metal-archives.com/bands/Zero_Tolerance/3540380880,Active,Chile,Death/Groove Metal,31/08/2019 14:10:46
327,10227,Zero Vision,https://www.metal-archives.com/bands/Zero_Vision/10227,Split-up,Brazil,Thrash Metal with Industrial elements,31/08/2019 14:10:46
328,3540374619,Zero Void,https://www.metal-archives.com/bands/Zero_Void/3540374619,Active,Kazakhstan,Death/Thrash Metal,31/08/2019 14:10:46
329,3540349478,Zero+onE,https://www.metal-archives.com/bands/Zero%2BonE/3540349478,Split-up,Finland,"EBM (early), Industrial Black Metal (later)",31/08/2019 14:10:46
330,3540277845,Zero3iete,https://www.metal-archives.com/bands/Zero3iete/3540277845,Active,Spain,Heavy Metal,31/08/2019 14:10:46
331,3540351766,Zeroasis,https://www.metal-archives.com/bands/Zeroasis/3540351766,Active,United States,Progressive Power Metal,31/08/2019 14:10:46
332,78504,ZeroCold,https://www.metal-archives.com/bands/ZeroCold/78504,Active,Brazil,Gothic Metal,31/08/2019 14:10:46
333,44508,ZeroCrowd,https://www.metal-archives.com/bands/ZeroCrowd/44508,Active,Finland,Melodic Death/Gothic Metal,31/08/2019 14:10:46
334,3540372012,Zerodak,https://www.metal-archives.com/bands/Zerodak/3540372012,Active,Mexico,Thrash Metal,31/08/2019 14:10:46
335,5371,Zeroed,https://www.metal-archives.com/bands/Zeroed/5371,Active,Germany,Death metal,31/08/2019 14:10:46
336,90253,Zeroed,https://www.metal-archives.com/bands/Zeroed/90253,Split-up,Germany,Death Metal,31/08/2019 14:10:46
337,53440,Zerofour,https://www.metal-archives.com/bands/Zerofour/53440,Split-up,Austria,Thrash/Groove Metal,31/08/2019 14:10:46
338,92962,Zerogod,https://www.metal-archives.com/bands/Zerogod/92962,Active,Germany,Death Metal,31/08/2019 14:10:46
339,21452,Zerokarma,https://www.metal-archives.com/bands/Zerokarma/21452,Active,Russia,Melodic Death/Progressive Metal,31/08/2019 14:10:46
340,3540323294,Zerolap,https://www.metal-archives.com/bands/Zerolap/3540323294,Active,Germany,Heavy Metal,31/08/2019 14:10:46
341,3540354404,Zerotheist,https://www.metal-archives.com/bands/Zerotheist/3540354404,Split-up,United States,Groove Metal,31/08/2019 14:10:46
342,49776,Zerozonic,https://www.metal-archives.com/bands/Zerozonic/49776,Active,Norway,Thrash/Groove Metal,31/08/2019 14:10:46
343,3540439971,Zersenator,https://www.metal-archives.com/bands/Zersenator/3540439971,Active,Peru,Death/Thrash Metal,31/08/2019 14:10:46
344,3540340038,Zerstiren,https://www.metal-archives.com/bands/Zerstiren/3540340038,Split-up,New Zealand,Progressive/Technical Death Metal/Deathcore,31/08/2019 14:10:46
345,3540264974,Zerstörenfried,https://www.metal-archives.com/bands/Zerst%C3%B6renfried/3540264974,Active,Germany,Death Metal,31/08/2019 14:10:46
346,10084,Zerstörer,https://www.metal-archives.com/bands/Zerst%C3%B6rer/10084,Split-up,Germany,Black Metal,31/08/2019 14:10:46
347,3540378470,Zerstörer,https://www.metal-archives.com/bands/Zerst%C3%B6rer/3540378470,Split-up,Germany,Progressive Thrash/Death Metal,31/08/2019 14:10:46
348,107098,Zerstörung,https://www.metal-archives.com/bands/Zerst%C3%B6rung/107098,Split-up,Brazil,Black Metal,31/08/2019 14:10:46
349,3540255087,Zervm,https://www.metal-archives.com/bands/Zervm/3540255087,Split-up,Italy,Black Metal,31/08/2019 14:10:46
350,50065,Zerzyan Loathe,https://www.metal-archives.com/bands/Zerzyan_Loathe/50065,Unknown,"Korea, South",Black Metal,31/08/2019 14:10:46
351,3540407902,Zesegaandag,https://www.metal-archives.com/bands/Zesegaandag/3540407902,Active,United States,Atmospheric Black Metal,31/08/2019 14:10:46
352,24791,Zess,https://www.metal-archives.com/bands/Zess/24791,Split-up,Italy,Doom Metal,31/08/2019 14:10:46
353,3540435580,Zeta,https://www.metal-archives.com/bands/Zeta/3540435580,Active,United States,Melodic Black/Death Metal,31/08/2019 14:10:46
354,3540281598,Zeta Reticuli,https://www.metal-archives.com/bands/Zeta_Reticuli/3540281598,Active,Australia,Symphonic Black Metal,31/08/2019 14:10:46
355,3540411528,Zetkin,https://www.metal-archives.com/bands/Zetkin/3540411528,Active,Austria,Thrash Metal/Crust Punk,31/08/2019 14:10:46
356,80733,Zetörhead,https://www.metal-archives.com/bands/Zet%C3%B6rhead/80733,Active,Hungary,Melodic Thrash/Heavy Metal,31/08/2019 14:10:46
357,3540398473,Zetra,https://www.metal-archives.com/bands/Zetra/3540398473,Active,Chile,Heavy Metal,31/08/2019 14:10:46
358,99125,Zett,https://www.metal-archives.com/bands/Zett/99125,Split-up,"Korea, South",Alternative Heavy/Groove Metal/Hard Rock,31/08/2019 14:10:46
359,3540318070,Zett,https://www.metal-archives.com/bands/Zett/3540318070,Active,Czechia,Melodic Heavy Metal/Hard Rock,31/08/2019 14:10:46
360,27963,Zettilmeyer,https://www.metal-archives.com/bands/Zettilmeyer/27963,Split-up,United States,Black Metal,31/08/2019 14:10:46
361,3540379575,Zeugen der Leere,https://www.metal-archives.com/bands/Zeugen_der_Leere/3540379575,Active,Germany,"Melodic Black Metal, Ambient",31/08/2019 14:10:46
362,28958,Zeus,https://www.metal-archives.com/bands/Zeus/28958,Active,United Kingdom,Black/Death Metal,31/08/2019 14:10:46
363,39887,Zeus,https://www.metal-archives.com/bands/Zeus/39887,Split-up,Spain,Heavy Metal,31/08/2019 14:10:46
364,75596,Zeus,https://www.metal-archives.com/bands/Zeus/75596,Active,Cuba,Thrash Metal,31/08/2019 14:10:46
365,103782,Zeus,https://www.metal-archives.com/bands/Zeus/103782,Changed name,Italy,Heavy Metal/Hard Rock,31/08/2019 14:10:46
366,105487,Zeus,https://www.metal-archives.com/bands/Zeus/105487,Split-up,Mexico,Heavy Metal,31/08/2019 14:10:46
367,3540298756,Zeus,https://www.metal-archives.com/bands/Zeus/3540298756,Active,Indonesia,Gothic Metal,31/08/2019 14:10:46
368,33661,Zeusas,https://www.metal-archives.com/bands/Zeusas/33661,Active,Japan,Melodic Black Metal,31/08/2019 14:10:46
369,3540399653,Zeuz,https://www.metal-archives.com/bands/Zeuz/3540399653,Active,Mexico,Blackened Death Metal,31/08/2019 14:10:46
370,3540281996,Zeyking,https://www.metal-archives.com/bands/Zeyking/3540281996,Changed name,Denmark,Heavy Metal,31/08/2019 14:10:46
371,3540355731,Zeyros' Cults,https://www.metal-archives.com/bands/Zeyros%27_Cults/3540355731,Active,Italy,Black Metal,31/08/2019 14:10:46
372,3540331271,Zgard,https://www.metal-archives.com/bands/Zgard/3540331271,Active,Ukraine,Pagan Black Metal,31/08/2019 14:10:46
373,3540455732,Zgroza,https://www.metal-archives.com/bands/Zgroza/3540455732,Active,Poland,Black Metal,31/08/2019 14:10:46
374,3540449654,Zhadok,https://www.metal-archives.com/bands/Zhadok/3540449654,Active,Brazil,Progressive Metal,31/08/2019 14:10:46
375,9202,Zhalim,https://www.metal-archives.com/bands/Zhalim/9202,Unknown,Indonesia,Black Metal,31/08/2019 14:10:46
376,78651,Zharmaq,https://www.metal-archives.com/bands/Zharmaq/78651,Changed name,Hungary,Melodic Death Metal,31/08/2019 14:10:46
377,3540420268,Zharwo Penggasak,https://www.metal-archives.com/bands/Zharwo_Penggasak/3540420268,Active,Indonesia,Heavy/Thrash Metal,31/08/2019 14:10:46
378,44200,Zhatsaraeth,https://www.metal-archives.com/bands/Zhatsaraeth/44200,Split-up,Spain,Black Metal,31/08/2019 14:10:46
379,3540452507,Zhentarim,https://www.metal-archives.com/bands/Zhentarim/3540452507,Changed name,United States,Groove/Thrash Metal,31/08/2019 14:10:46
380,32212,Zhgoryth,https://www.metal-archives.com/bands/Zhgoryth/32212,Split-up,France,Death Metal,31/08/2019 14:10:46
381,18800,Zhiva,https://www.metal-archives.com/bands/Zhiva/18800,Active,Sweden,Heavy Metal/Hard Rock,31/08/2019 14:10:46
382,3540399359,Zhoda,https://www.metal-archives.com/bands/Zhoda/3540399359,Active,United States,Melodic Progressive Metal,31/08/2019 14:10:46
383,3540422126,Zhor,https://www.metal-archives.com/bands/Zhor/3540422126,Active,Slovakia,Black Metal,31/08/2019 14:10:46
384,3540374889,Zhora,https://www.metal-archives.com/bands/Zhora/3540374889,Active,Ireland,Progressive/Sludge Metal,31/08/2019 14:10:46
385,71442,Zhraja,https://www.metal-archives.com/bands/Zhraja/71442,Active,Belarus,Gothic/Folk Metal with Industrial elements,31/08/2019 14:10:46
386,3540409613,Zhrine,https://www.metal-archives.com/bands/Zhrine/3540409613,Active,Iceland,Black Metal,31/08/2019 14:10:46
387,3540410820,Zhuo,https://www.metal-archives.com/bands/Zhuo/3540410820,Active,Spain,Groove Metal,31/08/2019 14:10:46
388,115861,Zhurgal Dukhiatz,https://www.metal-archives.com/bands/Zhurgal_Dukhiatz/115861,Split-up,France,Death Metal,31/08/2019 14:10:46
389,123122,Zi Factor,https://www.metal-archives.com/bands/Zi_Factor/123122,Active,Indonesia,Heavy Metal/Metalcore,31/08/2019 14:10:46
390,29491,Zi Xul,https://www.metal-archives.com/bands/Zi_Xul/29491,Split-up,Netherlands,Death Metal,31/08/2019 14:10:46
391,117998,Zia,https://www.metal-archives.com/bands/Zia/117998,Split-up,United States,Gothic Metal,31/08/2019 14:10:46
392,44056,Ziad,https://www.metal-archives.com/bands/Ziad/44056,Split-up,United States,Progressive Metal,31/08/2019 14:10:46
393,3540261821,Ziarah,https://www.metal-archives.com/bands/Ziarah/3540261821,Split-up,Indonesia,Black Metal,31/08/2019 14:10:46
394,3540274229,Zidiz,https://www.metal-archives.com/bands/Zidiz/3540274229,Active,Ecuador,Speed Metal,31/08/2019 14:10:46
395,104982,Ziechenbart,https://www.metal-archives.com/bands/Ziechenbart/104982,Split-up,Germany,Thrash/Black Metal,31/08/2019 14:10:46
396,3540441583,Zieg Abuser,https://www.metal-archives.com/bands/Zieg_Abuser/3540441583,Active,Switzerland,Thrash Metal,31/08/2019 14:10:46
397,33855,Ziege,https://www.metal-archives.com/bands/Ziege/33855,Split-up,Norway,Thrash Metal,31/08/2019 14:10:46
398,3540342072,Ziege,https://www.metal-archives.com/bands/Ziege/3540342072,Split-up,Poland,Black Metal,31/08/2019 14:10:46
399,3540436457,Ziege Schwänze,https://www.metal-archives.com/bands/Ziege_Schw%C3%A4nze/3540436457,Active,Canada,Experimental Death Metal,31/08/2019 14:10:46
400,3540456910,Ziegenhorn,https://www.metal-archives.com/bands/Ziegenhorn/3540456910,Active,Estonia,Black/Death Metal,31/08/2019 14:10:46
401,107452,Ziel Bevrijd,https://www.metal-archives.com/bands/Ziel_Bevrijd/107452,Active,Canada,Atmospheric Black Metal,31/08/2019 14:10:46
402,3540401779,Zierler,https://www.metal-archives.com/bands/Zierler/3540401779,Active,Denmark,Progressive Metal,31/08/2019 14:10:46
403,58297,Ziff,https://www.metal-archives.com/bands/Ziff/58297,Split-up,Germany,Progressive Metal/Rock,31/08/2019 14:10:46
404,106249,Zifir,https://www.metal-archives.com/bands/Zifir/106249,Active,Turkey,Black Metal,31/08/2019 14:10:46
405,3540453872,Zig Zags,https://www.metal-archives.com/bands/Zig_Zags/3540453872,Active,United States,Speed Metal/Punk,31/08/2019 14:10:46
406,32775,Ziggurat,https://www.metal-archives.com/bands/Ziggurat/32775,Active,Turkey,Gothic Death/Black Metal,31/08/2019 14:10:46
407,3540432357,Ziggurat,https://www.metal-archives.com/bands/Ziggurat/3540432357,Active,Israel,Black/Death Metal,31/08/2019 14:10:46
408,3540435711,Zigma Detonador,https://www.metal-archives.com/bands/Zigma_Detonador/3540435711,Active,Ecuador,Thrash Metal,31/08/2019 14:10:46
409,3540278129,Zigurat,https://www.metal-archives.com/bands/Zigurat/3540278129,Unknown,Spain,Heavy/Power Metal,31/08/2019 14:10:46
410,3540335267,Zigurat,https://www.metal-archives.com/bands/Zigurat/3540335267,Active,Colombia,Black Metal,31/08/2019 14:10:46
411,3540357676,Zígurath,https://www.metal-archives.com/bands/Z%C3%ADgurath/3540357676,Active,Argentina,Melodic Death Metal,31/08/2019 14:10:46
412,88025,Zihard,https://www.metal-archives.com/bands/Zihard/88025,Active,"Korea, South",Neoclassical Heavy Metal,31/08/2019 14:10:46
413,20486,Zijl,https://www.metal-archives.com/bands/Zijl/20486,Split-up,Australia,Black Metal,31/08/2019 14:10:46
414,3540257575,Zilch,https://www.metal-archives.com/bands/Zilch/3540257575,Active,United States,Heavy/Groove Metal,31/08/2019 14:10:46
415,3540310074,Zilla,https://www.metal-archives.com/bands/Zilla/3540310074,Active,Brazil,Technical/Melodic Death Metal,31/08/2019 14:10:46
416,57896,Zillah,https://www.metal-archives.com/bands/Zillah/57896,Active,United Kingdom,Technical Death Metal,31/08/2019 14:10:46
417,98451,Zillion,https://www.metal-archives.com/bands/Zillion/98451,Active,Germany,Melodic Heavy Metal,31/08/2019 14:10:46
418,123606,Zillion,https://www.metal-archives.com/bands/Zillion/123606,Unknown,Japan,Goregrind,31/08/2019 14:10:46
419,124390,Zillion,https://www.metal-archives.com/bands/Zillion/124390,Split-up,United States,Power Metal,31/08/2019 14:10:46
420,1742,Zimmers Hole,https://www.metal-archives.com/bands/Zimmers_Hole/1742,Active,Canada,Speed/Thrash/Death Metal,31/08/2019 14:10:46
421,3540381231,Zimorog,https://www.metal-archives.com/bands/Zimorog/3540381231,Active,Croatia,Black Metal,31/08/2019 14:10:46
422,3540438624,Zinah,https://www.metal-archives.com/bands/Zinah/3540438624,Active,Indonesia,Death Metal,31/08/2019 14:10:46
423,53521,Zinc Alloy,https://www.metal-archives.com/bands/Zinc_Alloy/53521,Split-up,Japan,Heavy Metal,31/08/2019 14:10:46
424,3540359300,Zindan,https://www.metal-archives.com/bands/Zindan/3540359300,Active,Uzbekistan,Progressive/Melodic Death Metal,31/08/2019 14:10:46
425,116356,Zingira,https://www.metal-archives.com/bands/Zingira/116356,Split-up,Spain,Heavy/Thrash Metal,31/08/2019 14:10:46
426,3540426153,Zinkyeok,https://www.metal-archives.com/bands/Zinkyeok/3540426153,Active,"Korea, South",Melodic Death Metal,31/08/2019 14:10:46
427,3540340474,Zinvmm,https://www.metal-archives.com/bands/Zinvmm/3540340474,Active,Spain,Black Metal/Folk/Ambient,31/08/2019 14:10:46
428,33355,Zion,https://www.metal-archives.com/bands/Zion/33355,Active,United States,Heavy Metal,31/08/2019 14:10:46
429,59979,Zion,https://www.metal-archives.com/bands/Zion/59979,Unknown,Greece,Melodic Black Metal,31/08/2019 14:10:46
430,3540270816,Zion Reign,https://www.metal-archives.com/bands/Zion_Reign/3540270816,Split-up,United States,Melodic Heavy Metal,31/08/2019 14:10:46
431,47957,Zions Abyss,https://www.metal-archives.com/bands/Zions_Abyss/47957,Split-up,Canada,Power Metal,31/08/2019 14:10:46
432,119344,Ziontod,https://www.metal-archives.com/bands/Ziontod/119344,Active,Germany,Black Metal,31/08/2019 14:10:46
433,3540446582,Zipper,https://www.metal-archives.com/bands/Zipper/3540446582,Active,United States,Doom/Stoner Metal/Punk,31/08/2019 14:10:46
434,3540281217,Zippo,https://www.metal-archives.com/bands/Zippo/3540281217,Active,Italy,"Stoner Metal (early), Sludge/Progressive Metal (later)",31/08/2019 14:10:46
435,3540380048,Zirakzigil,https://www.metal-archives.com/bands/Zirakzigil/3540380048,Active,United States,Progressive Stoner/Sludge Metal,31/08/2019 14:10:46
436,3540452078,Ziran,https://www.metal-archives.com/bands/Ziran/3540452078,Active,Argentina,Groove Metal,31/08/2019 14:10:46
437,75326,Zircon,https://www.metal-archives.com/bands/Zircon/75326,Split-up,United States,Black/Death/Thrash Metal,31/08/2019 14:10:46
438,26190,Zirconium,https://www.metal-archives.com/bands/Zirconium/26190,Split-up,New Zealand,Death/Black Metal,31/08/2019 14:10:46
439,3540314682,Ziroh,https://www.metal-archives.com/bands/Ziroh/3540314682,Split-up,United States,Stoner Metal,31/08/2019 14:10:46
440,54270,Ziryab,https://www.metal-archives.com/bands/Ziryab/54270,Changed name,Spain,Heavy Metal,31/08/2019 14:10:46
441,88384,Zirze,https://www.metal-archives.com/bands/Zirze/88384,Split-up,Spain,Folk/Power Metal,31/08/2019 14:10:46
442,111480,Zis,https://www.metal-archives.com/bands/Zis/111480,Split-up,Italy,Heavy Metal,31/08/2019 14:10:46
443,3540367078,Zish,https://www.metal-archives.com/bands/Zish/3540367078,Split-up,United States,Melodic Heavy Metal,31/08/2019 14:10:46
444,3540353641,Zisii,https://www.metal-archives.com/bands/Zisii/3540353641,Active,United States,Black Metal,31/08/2019 14:10:46
445,37591,Zithma,https://www.metal-archives.com/bands/Zithma/37591,Active,Panama,Heavy Metal,31/08/2019 14:10:46
446,3540310588,Zithuan Labyrinth,https://www.metal-archives.com/bands/Zithuan_Labyrinth/3540310588,Changed name,United Kingdom,Black Metal,31/08/2019 14:10:46
447,3540374877,Zitsquatch,https://www.metal-archives.com/bands/Zitsquatch/3540374877,Active,United States,Death Metal/Grindcore,31/08/2019 14:10:46
448,105154,Živá hudba,https://www.metal-archives.com/bands/%C5%BDiv%C3%A1_hudba/105154,Split-up,Czechia,Heavy Metal,31/08/2019 14:10:46
449,3540401615,Zivatar,https://www.metal-archives.com/bands/Zivatar/3540401615,Active,Hungary,Atmospheric Doom Metal,31/08/2019 14:10:46
450,3540451849,Zive,https://www.metal-archives.com/bands/Zive/3540451849,Active,Brazil,Thrash Metal/Crossover,31/08/2019 14:10:46
451,6941,Živo blato,https://www.metal-archives.com/bands/%C5%BDivo_blato/6941,Active,Croatia,"Heavy Metal, Hard Rock",31/08/2019 14:10:46
452,3540349299,Zix,https://www.metal-archives.com/bands/Zix/3540349299,Active,Lebanon,Heavy Metal,31/08/2019 14:10:46
453,3540416763,Zlatan,https://www.metal-archives.com/bands/Zlatan/3540416763,Active,Sweden,Stoner/Sludge Metal,31/08/2019 14:10:46
454,103642,Zli grč,https://www.metal-archives.com/bands/Zli_gr%C4%8D/103642,Split-up,Croatia,"Death Metal (early), Avant-garde Metal (later)",31/08/2019 14:10:46
455,88494,Zlo,https://www.metal-archives.com/bands/Zlo/88494,Split-up,Czechia,Black Metal,31/08/2019 14:10:46
456,3540440528,Zlobnik,https://www.metal-archives.com/bands/Zlobnik/3540440528,Active,Croatia,Blackened Death Metal,31/08/2019 14:10:46
457,3540442315,Zlomor,https://www.metal-archives.com/bands/Zlomor/3540442315,Active,Czechia,Death Metal/Punk,31/08/2019 14:10:46
458,3540335279,Zloslut,https://www.metal-archives.com/bands/Zloslut/3540335279,Active,Serbia,Black Metal,31/08/2019 14:10:46
459,3540438079,Zlost,https://www.metal-archives.com/bands/Zlost/3540438079,Active,Estonia,Melodic Death Metal,31/08/2019 14:10:46
460,3540386528,Zlyden,https://www.metal-archives.com/bands/Zlyden/3540386528,Active,Ukraine,Atmospheric/Raw Black Metal,31/08/2019 14:10:46
461,3540419379,Zmey Gorynich,https://www.metal-archives.com/bands/Zmey_Gorynich/3540419379,Active,Russia,Folk Metal/Deathcore,31/08/2019 14:10:46
462,3540290905,Zmierzch,https://www.metal-archives.com/bands/Zmierzch/3540290905,Active,Poland,Depressive Black Metal,31/08/2019 14:10:46
463,3540438662,Żmij,https://www.metal-archives.com/bands/%C5%BBmij/3540438662,Active,Poland,Black Metal,31/08/2019 14:10:46
464,56029,Zmijevik,https://www.metal-archives.com/bands/Zmijevik/56029,Unknown,Slovakia,Black Metal,31/08/2019 14:10:46
465,3540321917,Zmilodon,https://www.metal-archives.com/bands/Zmilodon/3540321917,Active,Colombia,Melodic Death Metal,31/08/2019 14:10:46
466,3540344014,Zmoke,https://www.metal-archives.com/bands/Zmoke/3540344014,Active,United States,Stoner Metal,31/08/2019 14:10:46
467,3540333804,Zmora,https://www.metal-archives.com/bands/Zmora/3540333804,Active,Poland,Black Metal,31/08/2019 14:10:46
468,16821,Zmrok,https://www.metal-archives.com/bands/Zmrok/16821,Active,Belarus,Black Metal,31/08/2019 14:10:46
469,3540281812,Zmrok,https://www.metal-archives.com/bands/Zmrok/3540281812,Split-up,Poland,Pagan Black Metal,31/08/2019 14:10:46
470,3540403526,ZN Terror,https://www.metal-archives.com/bands/ZN_Terror/3540403526,Active,Brazil,Thrash Metal,31/08/2019 14:10:46
471,3540390554,Znafelriff,https://www.metal-archives.com/bands/Znafelriff/3540390554,Active,Germany,Black Metal,31/08/2019 14:10:46
472,14199,Znich,https://www.metal-archives.com/bands/Znich/14199,Active,Belarus,Pagan/Folk Metal,31/08/2019 14:10:46
473,228,Znöwhite,https://www.metal-archives.com/bands/Zn%C3%B6white/228,Split-up,United States,Speed/Thrash Metal,31/08/2019 14:10:46
474,119302,Zoanthropic Paranoia,https://www.metal-archives.com/bands/Zoanthropic_Paranoia/119302,Active,Mexico,Death Metal/Grindcore,31/08/2019 14:10:46
475,38350,Zoberbia,https://www.metal-archives.com/bands/Zoberbia/38350,Split-up,Argentina,Thrash Metal,31/08/2019 14:10:46
476,70235,Zobibor,https://www.metal-archives.com/bands/Zobibor/70235,Active,Sweden,Black/Death Metal/Punk,31/08/2019 14:10:46
477,20351,Zocabra,https://www.metal-archives.com/bands/Zocabra/20351,Unknown,Brazil,Black Metal,31/08/2019 14:10:46
478,12217,Zodiac,https://www.metal-archives.com/bands/Zodiac/12217,Active,Czechia,Thrash/Death Metal,31/08/2019 14:10:46
479,62472,Zodiac,https://www.metal-archives.com/bands/Zodiac/62472,Split-up,Japan,Heavy Metal/Hard Rock,31/08/2019 14:10:46
480,62473,Zodiac,https://www.metal-archives.com/bands/Zodiac/62473,Active,Japan,Heavy Metal,31/08/2019 14:10:46
481,100477,Zodiac,https://www.metal-archives.com/bands/Zodiac/100477,Split-up,Germany,Melodic Power Metal,31/08/2019 14:10:46
482,3540267849,Zodiac,https://www.metal-archives.com/bands/Zodiac/3540267849,Split-up,Germany,Progressive Metal/Folk,31/08/2019 14:10:46
483,3540272937,Zodiac,https://www.metal-archives.com/bands/Zodiac/3540272937,Changed name,Austria,Melodic Death Metal,31/08/2019 14:10:46
484,3540360142,Zodiac,https://www.metal-archives.com/bands/Zodiac/3540360142,Active,Australia,Doom Metal,31/08/2019 14:10:46
485,80573,Zodiac Ass,https://www.metal-archives.com/bands/Zodiac_Ass/80573,Active,Austria,Thrash Metal,31/08/2019 14:10:46
486,3540369449,Zodiac Ciphers,https://www.metal-archives.com/bands/Zodiac_Ciphers/3540369449,Split-up,Sweden,Melodic Thrash Metal,31/08/2019 14:10:46
487,3540384188,Zodiac Killer,https://www.metal-archives.com/bands/Zodiac_Killer/3540384188,Split-up,Finland,Groove Metal,31/08/2019 14:10:46
488,60945,Zodiacal Circle,https://www.metal-archives.com/bands/Zodiacal_Circle/60945,Active,United States,Doom Metal,31/08/2019 14:10:46
489,3540355144,Zodiah,https://www.metal-archives.com/bands/Zodiah/3540355144,Active,Serbia,Melodic Black/Death Metal,31/08/2019 14:10:46
490,113740,Zodiaque,https://www.metal-archives.com/bands/Zodiaque/113740,Active,Japan,Death/Thrash/Groove Metal,31/08/2019 14:10:46
491,3540319026,Zodiark,https://www.metal-archives.com/bands/Zodiark/3540319026,Changed name,United Kingdom,Progressive Death Metal/Metalcore,31/08/2019 14:10:46
492,3540441932,Zodz,https://www.metal-archives.com/bands/Zodz/3540441932,Active,Mexico,Thrash Metal,31/08/2019 14:10:46
493,47781,Zoebeast,https://www.metal-archives.com/bands/Zoebeast/47781,Active,Russia,Death Metal/Grindcore,31/08/2019 14:10:46
494,1831,Zoetrope,https://www.metal-archives.com/bands/Zoetrope/1831,Split-up,United States,Speed/Thrash Metal,31/08/2019 14:10:46
495,106648,Zofos,https://www.metal-archives.com/bands/Zofos/106648,Active,Greece,Black Metal,31/08/2019 14:10:46
496,3540379440,Zoghnity,https://www.metal-archives.com/bands/Zoghnity/3540379440,Active,Malaysia,Black Metal,31/08/2019 14:10:46
497,31773,Zohak,https://www.metal-archives.com/bands/Zohak/31773,Active,Chile,Melodic Death Metal,31/08/2019 14:10:46
498,3540448975,Zohamah,https://www.metal-archives.com/bands/Zohamah/3540448975,Active,Israel,Doom/Black/Death Metal,31/08/2019 14:10:46
499,3540401326,Zôia,https://www.metal-archives.com/bands/Z%C3%B4ia/3540401326,Unknown,Brazil,Groove Metal/Crossover,31/08/2019 14:10:46
500,2619,Zoic,https://www.metal-archives.com/bands/Zoic/2619,Split-up,Sweden,Power Metal,31/08/2019 14:10:49
501,66454,Zôikitá,https://www.metal-archives.com/bands/Z%C3%B4ikit%C3%A1/66454,Unknown,Brazil,Thrash Metal,31/08/2019 14:10:49
502,80632,Zöldïer Noïz,https://www.metal-archives.com/bands/Z%C3%B6ld%C3%AFer_No%C3%AFz/80632,Active,France,Death/Thrash Metal,31/08/2019 14:10:49
503,3540391715,Zoliborz,https://www.metal-archives.com/bands/Zoliborz/3540391715,Active,Russia,Experimental/Progressive Heavy Metal,31/08/2019 14:10:49
504,3540364691,Zolle,https://www.metal-archives.com/bands/Zolle/3540364691,Active,Italy,Sludge/Stoner Metal,31/08/2019 14:10:49
505,3540325970,Zoloft,https://www.metal-archives.com/bands/Zoloft/3540325970,Active,Argentina,Heavy/Doom Metal,31/08/2019 14:10:49
506,61904,Zoltan,https://www.metal-archives.com/bands/Zoltan/61904,Split-up,Denmark,Hard Rock/Heavy Metal,31/08/2019 14:10:49
507,110719,Zoltan,https://www.metal-archives.com/bands/Zoltan/110719,Changed name,Sweden,Heavy Metal,31/08/2019 14:10:49
508,3540370357,Zoltan,https://www.metal-archives.com/bands/Zoltan/3540370357,Active,Japan,Melodic Death Metal,31/08/2019 14:10:49
509,7199,Zoltar,https://www.metal-archives.com/bands/Zoltar/7199,Split-up,Brazil,Death Metal,31/08/2019 14:10:49
510,3540347924,Zoltar Speaks,https://www.metal-archives.com/bands/Zoltar_Speaks/3540347924,Active,United Kingdom,Melodic Heavy Metal,31/08/2019 14:10:49
511,35989,Zoltegorok,https://www.metal-archives.com/bands/Zoltegorok/35989,Split-up,France,Black Metal/Dark Ambient,31/08/2019 14:10:49
512,99755,Zoltum,https://www.metal-archives.com/bands/Zoltum/99755,Split-up,France,Death/Black Metal,31/08/2019 14:10:49
513,3540339505,ZOM,https://www.metal-archives.com/bands/ZOM/3540339505,Active,Ireland,Black/Death Metal,31/08/2019 14:10:49
514,49450,Zombie,https://www.metal-archives.com/bands/Zombie/49450,Split-up,United States,Thrash Metal,31/08/2019 14:10:49
515,88060,Zombie,https://www.metal-archives.com/bands/Zombie/88060,Active,Brazil,Thrash/Speed Metal,31/08/2019 14:10:49
516,3540277672,Zombie,https://www.metal-archives.com/bands/Zombie/3540277672,Split-up,Brazil,Thrash/Death Metal,31/08/2019 14:10:49
517,3540306048,Zombie Assault!!,https://www.metal-archives.com/bands/Zombie_Assault%21%21/3540306048,Active,Canada,Death Metal/Grindcore,31/08/2019 14:10:49
518,3540272719,Zombie Attack,https://www.metal-archives.com/bands/Zombie_Attack/3540272719,Active,Moldova,Death Metal,31/08/2019 14:10:49
519,3540333744,Zombie Attack,https://www.metal-archives.com/bands/Zombie_Attack/3540333744,Active,Ukraine,Thrash Metal,31/08/2019 14:10:49
520,79526,Zombie Autopilot,https://www.metal-archives.com/bands/Zombie_Autopilot/79526,Split-up,Sweden,Heavy Metal,31/08/2019 14:10:49
521,59524,Zombie Bitchslaughter,https://www.metal-archives.com/bands/Zombie_Bitchslaughter/59524,Active,Sweden,Death Metal with Grindcore and Stoner influences,31/08/2019 14:10:49
522,3540397183,Zombie Blasphemy,https://www.metal-archives.com/bands/Zombie_Blasphemy/3540397183,Unknown,Japan,Sludge/Doom/Death Metal,31/08/2019 14:10:49
523,3540326828,Zombie Cookbook,https://www.metal-archives.com/bands/Zombie_Cookbook/3540326828,Split-up,Brazil,Death/Thrash Metal/Grindcore,31/08/2019 14:10:49
524,100862,Zombie Corpse,https://www.metal-archives.com/bands/Zombie_Corpse/100862,Active,United States,Death/Black Metal,31/08/2019 14:10:49
525,99699,Zombie Corpse Autopsy,https://www.metal-archives.com/bands/Zombie_Corpse_Autopsy/99699,Active,United States,Melodic Technical Death Metal,31/08/2019 14:10:49
526,3540423460,Zombie Crew,https://www.metal-archives.com/bands/Zombie_Crew/3540423460,Active,Brazil,Thrash/Death Metal,31/08/2019 14:10:49
527,3540315603,Zombie Culture,https://www.metal-archives.com/bands/Zombie_Culture/3540315603,Split-up,United States,Black Metal/Punk,31/08/2019 14:10:49
528,78374,Zombie Death Stench,https://www.metal-archives.com/bands/Zombie_Death_Stench/78374,Active,United States,Death/Black Metal,31/08/2019 14:10:49
529,87752,Zombie Destrüktion,https://www.metal-archives.com/bands/Zombie_Destr%C3%BCktion/87752,Active,Sweden,Death Metal,31/08/2019 14:10:49
530,3540442025,Zombie Eater,https://www.metal-archives.com/bands/Zombie_Eater/3540442025,Active,Finland,Sludge/Stoner/Doom Metal,31/08/2019 14:10:49
531,3540406010,Zombie Factor,https://www.metal-archives.com/bands/Zombie_Factor/3540406010,Active,Brazil,Thrash Metal/Hardcore,31/08/2019 14:10:49
532,55878,Zombie Fetus,https://www.metal-archives.com/bands/Zombie_Fetus/55878,Split-up,Sweden,Thrash/Death Metal,31/08/2019 14:10:49
533,3540346279,Zombie Fighter,https://www.metal-archives.com/bands/Zombie_Fighter/3540346279,Split-up,United States,Thrash Metal/Metalcore,31/08/2019 14:10:49
534,119154,Zombie Gutz,https://www.metal-archives.com/bands/Zombie_Gutz/119154,Split-up,United States,Metalcore,31/08/2019 14:10:49
535,100262,Zombie Hate Brigade,https://www.metal-archives.com/bands/Zombie_Hate_Brigade/100262,Active,United States,Death Metal/Grindcore,31/08/2019 14:10:49
536,13741,Zombie Holocaust,https://www.metal-archives.com/bands/Zombie_Holocaust/13741,On hold,Hungary,Death Metal/Grindcore,31/08/2019 14:10:49
537,3540289896,Zombie Holocaust,https://www.metal-archives.com/bands/Zombie_Holocaust/3540289896,Active,United States,Thrash Metal,31/08/2019 14:10:49
538,3540332802,Zombie Inc.,https://www.metal-archives.com/bands/Zombie_Inc./3540332802,Unknown,Austria,Death Metal,31/08/2019 14:10:49
539,3540357490,Zombie Kommando 666,https://www.metal-archives.com/bands/Zombie_Kommando_666/3540357490,Active,France,Thrash Metal,31/08/2019 14:10:49
540,3540373796,Zombie Lake,https://www.metal-archives.com/bands/Zombie_Lake/3540373796,Active,International,Thrash Metal,31/08/2019 14:10:49
541,3540285999,Zombie Lolocaust,https://www.metal-archives.com/bands/Zombie_Lolocaust/3540285999,Active,Australia,Death Metal/Grindcore,31/08/2019 14:10:49
542,3540353723,Zombie Militia,https://www.metal-archives.com/bands/Zombie_Militia/3540353723,Active,United Kingdom,Groove Metal,31/08/2019 14:10:49
543,3540307138,Zombie Raiders,https://www.metal-archives.com/bands/Zombie_Raiders/3540307138,Active,United States,"Grindcore/Noise (early), Death Metal/Grindcore (later)",31/08/2019 14:10:49
544,3540416322,Zombie Riot,https://www.metal-archives.com/bands/Zombie_Riot/3540416322,Active,Germany,Death Metal,31/08/2019 14:10:49
545,16631,Zombie Ritual,https://www.metal-archives.com/bands/Zombie_Ritual/16631,Active,Japan,Death/Thrash Metal,31/08/2019 14:10:49
546,3540419833,Zombie Rodeo,https://www.metal-archives.com/bands/Zombie_Rodeo/3540419833,Active,Finland,Doom/Stoner Metal/Rock,31/08/2019 14:10:49
547,3540346570,Zombie Scars,https://www.metal-archives.com/bands/Zombie_Scars/3540346570,Unknown,Italy,Thrash Metal,31/08/2019 14:10:49
548,3540434686,Zombie Strippers from Hell,https://www.metal-archives.com/bands/Zombie_Strippers_from_Hell/3540434686,Active,Poland,Melodic Death Metal,31/08/2019 14:10:49
549,107464,Zombie Virus Infection,https://www.metal-archives.com/bands/Zombie_Virus_Infection/107464,Split-up,International,Brutal Death Metal/Grindcore,31/08/2019 14:10:49
550,5945,Zombie Vomit,https://www.metal-archives.com/bands/Zombie_Vomit/5945,Unknown,Finland,Goregrind,31/08/2019 14:10:49
551,3540283839,Zombie Xtras,https://www.metal-archives.com/bands/Zombie_Xtras/3540283839,Active,United Kingdom,Heavy Metal/Hard Rock,31/08/2019 14:10:49
552,3540416241,ZombieChrist,https://www.metal-archives.com/bands/ZombieChrist/3540416241,Active,United States,Symphonic Black Metal,31/08/2019 14:10:49
553,3540419515,Zombiechrist,https://www.metal-archives.com/bands/Zombiechrist/3540419515,Active,Mexico,Thrash Metal,31/08/2019 14:10:49
554,3540303073,Zombiefication,https://www.metal-archives.com/bands/Zombiefication/3540303073,Active,Mexico,Death Metal,31/08/2019 14:10:49
555,3540305385,Zombiefied,https://www.metal-archives.com/bands/Zombiefied/3540305385,Active,Sweden,Death Metal,31/08/2019 14:10:49
556,3540327566,Zombiefied,https://www.metal-archives.com/bands/Zombiefied/3540327566,Active,Austria,Metalcore/Thrash Metal,31/08/2019 14:10:49
557,3540305483,Zombiekrig,https://www.metal-archives.com/bands/Zombiekrig/3540305483,On hold,Sweden,Black/Thrash Metal,31/08/2019 14:10:49
558,3540449850,Zombiekrist,https://www.metal-archives.com/bands/Zombiekrist/3540449850,Active,Finland,Symphonic Black Metal,31/08/2019 14:10:49
559,3540405894,Zombieland,https://www.metal-archives.com/bands/Zombieland/3540405894,Active,Russia,Power/Thrash Metal,31/08/2019 14:10:49
560,82965,Zombiemoles,https://www.metal-archives.com/bands/Zombiemoles/82965,Active,Slovakia,Experimental Death Metal/Grindcore,31/08/2019 14:10:49
561,3540361750,Zombies Ate My Girlfriend,https://www.metal-archives.com/bands/Zombies_Ate_My_Girlfriend/3540361750,Active,South Africa,Melodic Death Metal,31/08/2019 14:10:49
562,3540348633,Zombies Bastard,https://www.metal-archives.com/bands/Zombies_Bastard/3540348633,Active,Malaysia,Thrash Metal/Crossover,31/08/2019 14:10:49
563,3540324998,Zombies No,https://www.metal-archives.com/bands/Zombies_No/3540324998,Active,Venezuela,Metalcore/Crossover/Horror Punk,31/08/2019 14:10:49
564,3540267124,ZombieShakerBox,https://www.metal-archives.com/bands/ZombieShakerBox/3540267124,Active,United States,Heavy Metal/Grunge,31/08/2019 14:10:49
565,3540306857,Zombieslut,https://www.metal-archives.com/bands/Zombieslut/3540306857,Changed name,Germany,Death Metal,31/08/2019 14:10:49
566,24691,Zombification,https://www.metal-archives.com/bands/Zombification/24691,Split-up,Italy,Brutal Death Metal,31/08/2019 14:10:49
567,100843,Zombification,https://www.metal-archives.com/bands/Zombification/100843,Split-up,United States,Death Metal,31/08/2019 14:10:49
568,127667,Zombification,https://www.metal-archives.com/bands/Zombification/127667,On hold,United States,Death Metal,31/08/2019 14:10:49
569,3540298616,Zombified,https://www.metal-archives.com/bands/Zombified/3540298616,Active,Sweden,Death Metal/Grindcore,31/08/2019 14:10:49
570,3540313519,Zombified,https://www.metal-archives.com/bands/Zombified/3540313519,Active,United Kingdom,Death Metal,31/08/2019 14:10:49
571,17155,Zombified Preachers of Gore,https://www.metal-archives.com/bands/Zombified_Preachers_of_Gore/17155,Split-up,United States,Death Metal/Grindcore,31/08/2019 14:10:49
572,3540447882,Zombofagus,https://www.metal-archives.com/bands/Zombofagus/3540447882,Active,Greece,Brutal Death Metal,31/08/2019 14:10:49
573,3540443745,Zombria,https://www.metal-archives.com/bands/Zombria/3540443745,Active,United States,Melodic Black/Death Metal,31/08/2019 14:10:49
574,100864,Zombu,https://www.metal-archives.com/bands/Zombu/100864,Split-up,United States,Crossover,31/08/2019 14:10:49
575,3540436123,Zommm,https://www.metal-archives.com/bands/Zommm/3540436123,Active,Azerbaijan,Post-Black Metal/Shoegaze,31/08/2019 14:10:49
576,3540364133,Zompok,https://www.metal-archives.com/bands/Zompok/3540364133,Changed name,United Kingdom,Doom/Sludge Metal,31/08/2019 14:10:49
577,9761,Zona Abissal,https://www.metal-archives.com/bands/Zona_Abissal/9761,Split-up,Brazil,Power/Thrash Metal,31/08/2019 14:10:49
578,66458,Zona d'Ombra,https://www.metal-archives.com/bands/Zona_d%27Ombra/66458,Unknown,Italy,Melodic Heavy Metal,31/08/2019 14:10:49
579,9762,Zona Morta,https://www.metal-archives.com/bands/Zona_Morta/9762,Split-up,Brazil,Power/Thrash Metal,31/08/2019 14:10:49
580,29753,Zona Negra,https://www.metal-archives.com/bands/Zona_Negra/29753,Active,Argentina,Thrash Metal,31/08/2019 14:10:49
581,3540279314,Zona Púrpura,https://www.metal-archives.com/bands/Zona_P%C3%BArpura/3540279314,Split-up,Spain,Thrash/Stoner Metal,31/08/2019 14:10:49
582,3540270335,Zonaidecis,https://www.metal-archives.com/bands/Zonaidecis/3540270335,Split-up,Mexico,Thrash Metal,31/08/2019 14:10:49
583,40208,Zonaria,https://www.metal-archives.com/bands/Zonaria/40208,Active,Sweden,Melodic Death Metal,31/08/2019 14:10:49
584,1184,Zonata,https://www.metal-archives.com/bands/Zonata/1184,Split-up,Sweden,Neoclassical Power Metal,31/08/2019 14:10:49
585,20118,Zonda,https://www.metal-archives.com/bands/Zonda/20118,Split-up,Israel,Heavy Metal,31/08/2019 14:10:49
586,3540287195,Zonderhoof,https://www.metal-archives.com/bands/Zonderhoof/3540287195,Active,United Kingdom,Stoner/Doom Metal,31/08/2019 14:10:49
587,3540417668,Zone,https://www.metal-archives.com/bands/Zone/3540417668,Active,Czechia,Thrash Metal,31/08/2019 14:10:49
588,8019,Zone Eleven,https://www.metal-archives.com/bands/Zone_Eleven/8019,Active,United States,Heavy Metal,31/08/2019 14:10:49
589,84618,Zone Off,https://www.metal-archives.com/bands/Zone_Off/84618,Split-up,Brazil,Melodic Heavy Metal,31/08/2019 14:10:49
590,25979,Zone Zero,https://www.metal-archives.com/bands/Zone_Zero/25979,Active,Sweden,Heavy Metal,31/08/2019 14:10:49
591,3540275902,Zonei,https://www.metal-archives.com/bands/Zonei/3540275902,Active,Mexico,Experimental Black Metal,31/08/2019 14:10:49
592,23993,Zonk,https://www.metal-archives.com/bands/Zonk/23993,Split-up,Canada,Death/Thrash Metal/Hardcore,31/08/2019 14:10:49
593,3540277352,Zontox,https://www.metal-archives.com/bands/Zontox/3540277352,Active,Australia,Thrash/Death/Groove Metal,31/08/2019 14:10:49
594,111478,Zoo,https://www.metal-archives.com/bands/Zoo/111478,Split-up,Italy,Heavy Metal,31/08/2019 14:10:49
595,3540349442,Zoofagus,https://www.metal-archives.com/bands/Zoofagus/3540349442,Active,Ukraine,Death Metal,31/08/2019 14:10:49
596,26776,Zoofilia,https://www.metal-archives.com/bands/Zoofilia/26776,Active,Argentina,Death Metal,31/08/2019 14:10:49
597,2831,Zool,https://www.metal-archives.com/bands/Zool/2831,Split-up,Sweden,Heavy Metal,31/08/2019 14:10:49
598,88591,Zoom Abstraction,https://www.metal-archives.com/bands/Zoom_Abstraction/88591,Changed name,Chile,Progressive Metal,31/08/2019 14:10:49
599,72924,Zoophobia,https://www.metal-archives.com/bands/Zoophobia/72924,Split-up,France,Thrash/Death Metal/Grindcore,31/08/2019 14:10:49
600,31958,Zophrenia,https://www.metal-archives.com/bands/Zophrenia/31958,Active,Sweden,Melodic Black/Symphonic Extreme Metal,31/08/2019 14:10:49
601,20308,Zora,https://www.metal-archives.com/bands/Zora/20308,Active,Italy,Brutal Death Metal,31/08/2019 14:10:49
602,3540316642,Zorak,https://www.metal-archives.com/bands/Zorak/3540316642,Active,Brazil,Power Metal,31/08/2019 14:10:49
603,3540378817,Zorakarer,https://www.metal-archives.com/bands/Zorakarer/3540378817,Active,United States,Symphonic Black Metal,31/08/2019 14:10:49
604,19320,Zorates,https://www.metal-archives.com/bands/Zorates/19320,Active,Brazil,Death/Thrash Metal,31/08/2019 14:10:49
605,3540361222,Zorbo,https://www.metal-archives.com/bands/Zorbo/3540361222,Active,Mexico,Symphonic Power/Progressive Metal,31/08/2019 14:10:49
606,48204,Zorboothus,https://www.metal-archives.com/bands/Zorboothus/48204,Active,Indonesia,Brutal Death Metal,31/08/2019 14:10:49
607,46261,Zord,https://www.metal-archives.com/bands/Zord/46261,Active,Hungary,Groove/Thrash Metal,31/08/2019 14:10:49
608,3540450261,Zordah,https://www.metal-archives.com/bands/Zordah/3540450261,Active,Hungary,Black Metal,31/08/2019 14:10:49
609,3540265755,Zordon,https://www.metal-archives.com/bands/Zordon/3540265755,Active,Czechia,Death/Thrash Metal,31/08/2019 14:10:49
610,3540278730,Zores,https://www.metal-archives.com/bands/Zores/3540278730,Active,Austria,Black Metal,31/08/2019 14:10:49
611,119919,Zorglüb,https://www.metal-archives.com/bands/Zorgl%C3%BCb/119919,Unknown,France,Industrial Black Metal,31/08/2019 14:10:49
612,3540416374,Zorgon,https://www.metal-archives.com/bands/Zorgon/3540416374,Split-up,Indonesia,Technical Death Metal,31/08/2019 14:10:49
613,6405,Zorn,https://www.metal-archives.com/bands/Zorn/6405,Active,Germany,Black Metal,31/08/2019 14:10:49
614,3540282340,Zorn,https://www.metal-archives.com/bands/Zorn/3540282340,Split-up,Germany,Black Metal,31/08/2019 14:10:49
615,3540261961,Zorndyke,https://www.metal-archives.com/bands/Zorndyke/3540261961,Split-up,Italy,Death Metal,31/08/2019 14:10:49
616,40874,Zornen Reich,https://www.metal-archives.com/bands/Zornen_Reich/40874,Changed name,Germany,Black Metal,31/08/2019 14:10:49
617,3540314057,Zornestrieb,https://www.metal-archives.com/bands/Zornestrieb/3540314057,Active,Germany,Black Metal,31/08/2019 14:10:49
618,98091,Zorngigglz,https://www.metal-archives.com/bands/Zorngigglz/98091,Active,Germany,Heavy Metal,31/08/2019 14:10:49
619,3540431346,Zornheym,https://www.metal-archives.com/bands/Zornheym/3540431346,Active,Sweden,Symphonic Black/Death Metal,31/08/2019 14:10:49
620,55483,Zoroaster,https://www.metal-archives.com/bands/Zoroaster/55483,Unknown,United States,Sludge/Doom Metal,31/08/2019 14:10:49
621,3540396816,Zorr,https://www.metal-archives.com/bands/Zorr/3540396816,Active,United States,Black Metal,31/08/2019 14:10:49
622,3540365192,Zorra,https://www.metal-archives.com/bands/Zorra/3540365192,Active,Argentina,Groove Metal,31/08/2019 14:10:49
623,3540436435,Zorroperro,https://www.metal-archives.com/bands/Zorroperro/3540436435,On hold,Chile,Stoner/Doom/Post-Metal/Rock,31/08/2019 14:10:49
624,3540405559,Zorrostiaga,https://www.metal-archives.com/bands/Zorrostiaga/3540405559,Split-up,Spain,Heavy Metal,31/08/2019 14:10:49
625,1494,Zoser Mez,https://www.metal-archives.com/bands/Zoser_Mez/1494,Split-up,Denmark,Heavy Metal,31/08/2019 14:10:49
626,3540395124,Zosimos,https://www.metal-archives.com/bands/Zosimos/3540395124,Active,United States,Stoner/Doom Metal,31/08/2019 14:10:49
627,106150,Zot,https://www.metal-archives.com/bands/Zot/106150,Active,France,Melodic Heavy Metal,31/08/2019 14:10:49
628,3540385298,Zothique,https://www.metal-archives.com/bands/Zothique/3540385298,Active,Japan,Experimental/Sludge/Doom Metal,31/08/2019 14:10:49
629,3540414505,Zötl,https://www.metal-archives.com/bands/Z%C3%B6tl/3540414505,Split-up,Germany,Melodic Heavy Metal/Hard Rock,31/08/2019 14:10:49
630,7620,Zotz,https://www.metal-archives.com/bands/Zotz/7620,Split-up,Mexico,Thrash Metal,31/08/2019 14:10:49
631,3540407739,Zotz Kimil,https://www.metal-archives.com/bands/Zotz_Kimil/3540407739,Active,Mexico,Black Metal,31/08/2019 14:10:49
632,3540412711,Zounds,https://www.metal-archives.com/bands/Zounds/3540412711,Active,Romania,Melodic Black/Heavy Metal,31/08/2019 14:10:49
633,3540328444,Zowrus,https://www.metal-archives.com/bands/Zowrus/3540328444,Active,United States,Black Metal/Noise,31/08/2019 14:10:49
634,3540404627,Zoxim,https://www.metal-archives.com/bands/Zoxim/3540404627,Active,United States,Atmospheric Black Metal,31/08/2019 14:10:49
635,65049,Zpeedfreak,https://www.metal-archives.com/bands/Zpeedfreak/65049,Active,Sweden,Heavy Metal,31/08/2019 14:10:49
636,3540429838,Zpektraellotaen,https://www.metal-archives.com/bands/Zpektraellotaen/3540429838,Active,United States,Raw Black Metal,31/08/2019 14:10:49
637,10060,Zpoan Vtenz,https://www.metal-archives.com/bands/Zpoan_Vtenz/10060,Split-up,Lithuania,Folk/Pagan Black Metal,31/08/2019 14:10:49
638,67178,Žrec,https://www.metal-archives.com/bands/%C5%BDrec/67178,Split-up,Czechia,Pagan/Folk Metal,31/08/2019 14:10:49
639,3540454900,Zreet,https://www.metal-archives.com/bands/Zreet/3540454900,Active,Russia,Stoner Metal/Rock,31/08/2019 14:10:49
640,3540412483,Žriebädlo,https://www.metal-archives.com/bands/%C5%BDrieb%C3%A4dlo/3540412483,Active,Slovakia,Black Metal,31/08/2019 14:10:49
641,3540350338,Zrymgöll,https://www.metal-archives.com/bands/Zrymg%C3%B6ll/3540350338,Active,Argentina,Folk Metal,31/08/2019 14:10:49
642,3540270878,Zsarnok,https://www.metal-archives.com/bands/Zsarnok/3540270878,Active,Hungary,Thrash Metal,31/08/2019 14:10:49
643,3540414020,Ztate of Mind,https://www.metal-archives.com/bands/Ztate_of_Mind/3540414020,Active,Bolivia,Groove Metal/Metalcore,31/08/2019 14:10:49
644,3540331314,Ztranger,https://www.metal-archives.com/bands/Ztranger/3540331314,Active,Colombia,Heavy Metal,31/08/2019 14:10:49
645,3540336668,Zuarasiz,https://www.metal-archives.com/bands/Zuarasiz/3540336668,Active,Poland,Pagan Metal,31/08/2019 14:10:49
646,3540323055,Zuber,https://www.metal-archives.com/bands/Zuber/3540323055,Unknown,United States,Progressive Metal,31/08/2019 14:10:49
647,11612,Zubirun,https://www.metal-archives.com/bands/Zubirun/11612,Split-up,Malaysia,Black Metal,31/08/2019 14:10:49
648,3540305592,Zuboroth,https://www.metal-archives.com/bands/Zuboroth/3540305592,Split-up,Russia,Experimental Black Metal,31/08/2019 14:10:49
649,16943,Zubrowska,https://www.metal-archives.com/bands/Zubrowska/16943,Split-up,France,Brutal Deathcore,31/08/2019 14:10:49
650,121987,ZubZero,https://www.metal-archives.com/bands/ZubZero/121987,Active,Netherlands,Thrash Metal/Metalcore,31/08/2019 14:10:49
651,2038,Zuckuss,https://www.metal-archives.com/bands/Zuckuss/2038,Active,Canada,Brutal Death Metal/Grindcore,31/08/2019 14:10:49
652,3540362258,Zud,https://www.metal-archives.com/bands/Zud/3540362258,Active,United States,Black Metal,31/08/2019 14:10:49
653,3540434893,Zuel,https://www.metal-archives.com/bands/Zuel/3540434893,Active,United States,Progressive Death Metal/Deathcore,31/08/2019 14:10:49
654,3540366715,Zügellos,https://www.metal-archives.com/bands/Z%C3%BCgellos/3540366715,Split-up,Switzerland,Black Metal/D-Beat,31/08/2019 14:10:49
655,23358,Zuh,https://www.metal-archives.com/bands/Zuh/23358,Split-up,France,Melodic Black Metal,31/08/2019 14:10:49
656,46906,Zuhatag,https://www.metal-archives.com/bands/Zuhatag/46906,Active,Hungary,Heavy/Speed Metal,31/08/2019 14:10:49
657,3540392106,Zuhe,https://www.metal-archives.com/bands/Zuhe/3540392106,Active,Colombia,Folk/Black Metal,31/08/2019 14:10:49
658,52374,Zuldar,https://www.metal-archives.com/bands/Zuldar/52374,Split-up,Spain,Melodic Death Metal,31/08/2019 14:10:49
659,3540424255,Zulmet,https://www.metal-archives.com/bands/Zulmet/3540424255,Active,Turkey,Black Metal,31/08/2019 14:10:49
660,73206,Zulo,https://www.metal-archives.com/bands/Zulo/73206,Split-up,Spain,Heavy Metal,31/08/2019 14:10:49
661,85308,Zulu,https://www.metal-archives.com/bands/Zulu/85308,Unknown,Hungary,"Stoner/Doom/Gothic Extreme Metal (early), Stoner Rock (later)",31/08/2019 14:10:49
662,3540258585,Zumtot,https://www.metal-archives.com/bands/Zumtot/3540258585,Active,France,Folk/Black Metal,31/08/2019 14:10:49
663,47973,Zune,https://www.metal-archives.com/bands/Zune/47973,Active,Italy,Melodic Death Metal/Deathcore,31/08/2019 14:10:49
664,30666,Zuper Faro,https://www.metal-archives.com/bands/Zuper_Faro/30666,Active,Mexico,Death/Progressive Metal,31/08/2019 14:10:49
665,3540382609,Zur,https://www.metal-archives.com/bands/Zur/3540382609,Active,Brazil,Black Metal,31/08/2019 14:10:49
666,103387,Zuraith,https://www.metal-archives.com/bands/Zuraith/103387,Active,United States,Black/Gothic Metal,31/08/2019 14:10:49
667,114354,Zurcursal,https://www.metal-archives.com/bands/Zurcursal/114354,Split-up,Denmark,Thrash Metal,31/08/2019 14:10:49
668,3540431470,Zurdeimvar Gragz,https://www.metal-archives.com/bands/Zurdeimvar_Gragz/3540431470,Active,Russia,Black Metal,31/08/2019 14:10:49
669,74255,Zuriarts,https://www.metal-archives.com/bands/Zuriarts/74255,Active,Malaysia,Black/Death Metal,31/08/2019 14:10:49
670,38431,Zurisadai,https://www.metal-archives.com/bands/Zurisadai/38431,Active,Brazil,Death/Black Metal,31/08/2019 14:10:49
671,51849,Zurk,https://www.metal-archives.com/bands/Zurk/51849,Changed name,Chile,Black/Death Metal,31/08/2019 14:10:49
672,3540416054,Zurko,https://www.metal-archives.com/bands/Zurko/3540416054,Active,Argentina,Heavy Metal/Hard Rock,31/08/2019 14:10:49
673,3540454265,Zuroth,https://www.metal-archives.com/bands/Zuroth/3540454265,Active,Argentina,Progressive Metal/Rock,31/08/2019 14:10:49
674,112873,Zurt,https://www.metal-archives.com/bands/Zurt/112873,Split-up,Spain,Heavy Metal,31/08/2019 14:10:49
675,3540362208,Zurvan,https://www.metal-archives.com/bands/Zurvan/3540362208,Active,Romania,Black/Heavy Metal,31/08/2019 14:10:49
676,3540386515,Zurvan,https://www.metal-archives.com/bands/Zurvan/3540386515,Active,Iran,Black Metal,31/08/2019 14:10:49
677,3540362461,Zurzir,https://www.metal-archives.com/bands/Zurzir/3540362461,Active,Brazil,"Heavy Metal, RAC",31/08/2019 14:10:49
678,115301,Zushakon,https://www.metal-archives.com/bands/Zushakon/115301,Split-up,Singapore,"Black/Thrash Metal (early), Black/Death/Doom Metal (later)",31/08/2019 14:10:49
679,3540266792,Züül,https://www.metal-archives.com/bands/Z%C3%BC%C3%BCl/3540266792,Active,United States,Heavy Metal,31/08/2019 14:10:49
680,3540289346,Zuul,https://www.metal-archives.com/bands/Zuul/3540289346,Split-up,Germany,Death Metal,31/08/2019 14:10:49
681,59000,Zuul Fx,https://www.metal-archives.com/bands/Zuul_Fx/59000,Active,France,Industrial Thrash/Death Metal,31/08/2019 14:10:49
682,3540385302,Zvijer,https://www.metal-archives.com/bands/Zvijer/3540385302,Active,Bosnia and Herzegovina,Black Metal,31/08/2019 14:10:49
683,12823,Zvrator,https://www.metal-archives.com/bands/Zvrator/12823,Changed name,Czechia,Thrash/Death Metal,31/08/2019 14:10:49
684,3540319093,Zvrëöprëh,https://www.metal-archives.com/bands/Zvr%C3%AB%C3%B6pr%C3%ABh/3540319093,Active,France,Black Metal,31/08/2019 14:10:49
685,22181,Zwangslage,https://www.metal-archives.com/bands/Zwangslage/22181,Split-up,United States,Black Metal with Grindcore elements,31/08/2019 14:10:49
686,27567,Zwanziger,https://www.metal-archives.com/bands/Zwanziger/27567,Split-up,Finland,Speed Metal,31/08/2019 14:10:49
687,3540442303,Zwarte Dood,https://www.metal-archives.com/bands/Zwarte_Dood/3540442303,Active,Belgium,Raw Black Metal,31/08/2019 14:10:49
688,3540442714,Zwarte Draak,https://www.metal-archives.com/bands/Zwarte_Draak/3540442714,Active,Netherlands,Raw Black Metal,31/08/2019 14:10:49
689,3540291397,Zwarte Vlam,https://www.metal-archives.com/bands/Zwarte_Vlam/3540291397,Active,Costa Rica,Black Metal,31/08/2019 14:10:49
690,19599,Zwartketterij,https://www.metal-archives.com/bands/Zwartketterij/19599,On hold,Netherlands,Black/Thrash Metal,31/08/2019 14:10:49
691,49619,Zwartplaag,https://www.metal-archives.com/bands/Zwartplaag/49619,Split-up,Netherlands,Black Metal,31/08/2019 14:10:49
692,108457,Zwavel,https://www.metal-archives.com/bands/Zwavel/108457,Split-up,Netherlands,Black Metal,31/08/2019 14:10:49
693,3540299971,Zwavelstorm,https://www.metal-archives.com/bands/Zwavelstorm/3540299971,Active,Belgium,Black Metal,31/08/2019 14:10:49
694,85508,Zweihander,https://www.metal-archives.com/bands/Zweihander/85508,Changed name,Sweden,Melodic Death Metal,31/08/2019 14:10:49
695,21349,Zwenz,https://www.metal-archives.com/bands/Zwenz/21349,Split-up,Germany,Black Metal,31/08/2019 14:10:49
696,91772,Zwetwezen,https://www.metal-archives.com/bands/Zwetwezen/91772,Active,Belgium,Experimental Black Metal,31/08/2019 14:10:49
697,73811,Zwielicht,https://www.metal-archives.com/bands/Zwielicht/73811,Active,Germany,Black Metal,31/08/2019 14:10:49
698,41705,Zwietracht,https://www.metal-archives.com/bands/Zwietracht/41705,Active,Germany,Pagan Black Metal,31/08/2019 14:10:49
699,3540260085,Zwietracht,https://www.metal-archives.com/bands/Zwietracht/3540260085,Split-up,Germany,Black Metal,31/08/2019 14:10:49
700,3540261885,Zwischen den Welten,https://www.metal-archives.com/bands/Zwischen_den_Welten/3540261885,Split-up,Germany,Black Metal,31/08/2019 14:10:49
701,18589,ZX Spectrum,https://www.metal-archives.com/bands/ZX_Spectrum/18589,Active,Latvia,Death 'n' Roll,31/08/2019 14:10:49
702,107968,Zyanide,https://www.metal-archives.com/bands/Zyanide/107968,On hold,Switzerland,Melodic Thrash/Death Metal,31/08/2019 14:10:49
703,3540328303,Zyanide,https://www.metal-archives.com/bands/Zyanide/3540328303,Active,Costa Rica,Thrash Metal,31/08/2019 14:10:49
704,3540388948,Zybillin Spräch,https://www.metal-archives.com/bands/Zybillin_Spr%C3%A4ch/3540388948,Active,France,Heavy Metal,31/08/2019 14:10:49
705,56066,Zyclotron,https://www.metal-archives.com/bands/Zyclotron/56066,Active,Germany,Death Metal/Metalcore,31/08/2019 14:10:49
706,3540342489,Zygmythkaupt,https://www.metal-archives.com/bands/Zygmythkaupt/3540342489,Active,United States,Black Metal,31/08/2019 14:10:49
707,3540288861,Zygnema,https://www.metal-archives.com/bands/Zygnema/3540288861,Active,India,Thrash/Groove Metal,31/08/2019 14:10:49
708,29809,Zygoatsis,https://www.metal-archives.com/bands/Zygoatsis/29809,Active,Thailand,Black/Death Metal,31/08/2019 14:10:49
709,3540427061,Zygore,https://www.metal-archives.com/bands/Zygore/3540427061,Active,Indonesia,Technical Death Metal,31/08/2019 14:10:49
710,14514,Zygote,https://www.metal-archives.com/bands/Zygote/14514,Split-up,Finland,Black Metal,31/08/2019 14:10:49
711,28258,Zygote,https://www.metal-archives.com/bands/Zygote/28258,Split-up,United Kingdom,"Crust Punk, Heavy Metal",31/08/2019 14:10:49
712,77361,Zygote,https://www.metal-archives.com/bands/Zygote/77361,Split-up,United Kingdom,Brutal Death Metal/Grindcore,31/08/2019 14:10:49
713,3540435589,Zygotical,https://www.metal-archives.com/bands/Zygotical/3540435589,Active,United States,Black Metal,31/08/2019 14:10:49
714,61191,Zykes Cross,https://www.metal-archives.com/bands/Zykes_Cross/61191,Split-up,Germany,Progressive/Power Metal,31/08/2019 14:10:49
715,66,Zyklon,https://www.metal-archives.com/bands/Zyklon/66,Split-up,Norway,Industrial Death/Black Metal,31/08/2019 14:10:49
716,74887,Zyklon X,https://www.metal-archives.com/bands/Zyklon_X/74887,Split-up,Germany,Thrash Metal,31/08/2019 14:10:49
717,1421,Zyklon-B,https://www.metal-archives.com/bands/Zyklon-B/1421,Split-up,Norway,Black Metal,31/08/2019 14:10:49
718,52376,Zyklon-B,https://www.metal-archives.com/bands/Zyklon-B/52376,Split-up,United States,Death Metal,31/08/2019 14:10:49
719,3540390964,Zyklon-B,https://www.metal-archives.com/bands/Zyklon-B/3540390964,Active,Argentina,Thrash Metal,31/08/2019 14:10:49
720,69784,Zyklone,https://www.metal-archives.com/bands/Zyklone/69784,Split-up,United States,Power/Speed Metal,31/08/2019 14:10:49
721,3540429474,Zyklonkrieg 88,https://www.metal-archives.com/bands/Zyklonkrieg_88/3540429474,Active,Canada,Raw Black Metal,31/08/2019 14:10:49
722,120169,Zyklop,https://www.metal-archives.com/bands/Zyklop/120169,Split-up,Austria,Death Metal/Grindcore,31/08/2019 14:10:49
723,3540369539,Zyklus der Verzweiflung,https://www.metal-archives.com/bands/Zyklus_der_Verzweiflung/3540369539,Active,Germany,Atmospheric Black Metal,31/08/2019 14:10:49
724,3540379693,Zylum,https://www.metal-archives.com/bands/Zylum/3540379693,Split-up,Ireland,Industrial/Doom Metal,31/08/2019 14:10:49
725,22292,Zymosis,https://www.metal-archives.com/bands/Zymosis/22292,Split-up,Portugal,Black Metal,31/08/2019 14:10:49
726,45899,Zymotic,https://www.metal-archives.com/bands/Zymotic/45899,Split-up,Hungary,Progressive/Heavy Metal,31/08/2019 14:10:49
727,76452,Zymotic Disease,https://www.metal-archives.com/bands/Zymotic_Disease/76452,Split-up,Norway,Death Metal/Grindcore,31/08/2019 14:10:49
728,48657,Zymotic Radix,https://www.metal-archives.com/bands/Zymotic_Radix/48657,Split-up,United States,Black Metal,31/08/2019 14:10:49
729,117693,Zymotic Symphony,https://www.metal-archives.com/bands/Zymotic_Symphony/117693,On hold,Russia,Symphonic Melodic Death Metal,31/08/2019 14:10:49
730,54499,Zynnghard,https://www.metal-archives.com/bands/Zynnghard/54499,Unknown,Brazil,Black Metal,31/08/2019 14:10:49
731,3540377819,Zynom,https://www.metal-archives.com/bands/Zynom/3540377819,Split-up,Canada,Heavy Metal,31/08/2019 14:10:49
732,117380,Zynthoma,https://www.metal-archives.com/bands/Zynthoma/117380,Active,Mexico,Progressive/Thrash Metal,31/08/2019 14:10:49
733,3540276129,Zyon,https://www.metal-archives.com/bands/Zyon/3540276129,Active,Argentina,Melodic Death Metal/Metalcore,31/08/2019 14:10:49
734,3540409067,Zyphoyd,https://www.metal-archives.com/bands/Zyphoyd/3540409067,Active,Australia,Progressive Thrash Metal,31/08/2019 14:10:49
735,3540407638,Zyphra,https://www.metal-archives.com/bands/Zyphra/3540407638,Active,Spain,Heavy Metal/Hard Rock,31/08/2019 14:10:49
736,3540353608,Zyprexa,https://www.metal-archives.com/bands/Zyprexa/3540353608,Active,Finland,Thrash Metal/Crustcore,31/08/2019 14:10:49
737,3540278636,Zyra,https://www.metal-archives.com/bands/Zyra/3540278636,Split-up,United States,Heavy Metal,31/08/2019 14:10:49
738,101027,Zyster,https://www.metal-archives.com/bands/Zyster/101027,Split-up,United Kingdom,Thrash Metal,31/08/2019 14:10:49
739,3540406349,Żywia,https://www.metal-archives.com/bands/%C5%BBywia/3540406349,Active,Poland,Folk Metal,31/08/2019 14:10:49
740,73855,Żywiołak,https://www.metal-archives.com/bands/%C5%BBywio%C5%82ak/73855,Active,Poland,"Psychedelic Folk Metal (early), Folk Rock (later)",31/08/2019 14:10:49
741,3540456908,Zzaqqurafa,https://www.metal-archives.com/bands/Zzaqqurafa/3540456908,Split-up,Italy,Raw Black Metal,31/08/2019 14:10:49
742,75309,Zørkënen,https://www.metal-archives.com/bands/Z%C3%B8rk%C3%ABnen/75309,Split-up,Germany,Black Metal,31/08/2019 14:10:49
743,3739,Zørn,https://www.metal-archives.com/bands/Z%C3%B8rn/3739,Split-up,Italy,Thrash/Death Metal,31/08/2019 14:10:49
744,3540314227,Zørormr,https://www.metal-archives.com/bands/Z%C3%B8rormr/3540314227,Active,Poland,Melodic Black Metal/Dark Ambient,31/08/2019 14:10:49
745,3540420977,Zło,https://www.metal-archives.com/bands/Z%C5%82o/3540420977,Active,Poland,Black Metal,31/08/2019 14:10:49
746,3540326354,Złośliwy Pomruk Odbytnicy,https://www.metal-archives.com/bands/Z%C5%82o%C5%9Bliwy_Pomruk_Odbytnicy/3540326354,Active,Poland,Grindcore/Brutal Death Metal,31/08/2019 14:10:49
